model,mode,form,difficulty,count,main_metric,count_within1_acc,segment_f1@0.5,mean_best_tIoU,bbox_acc@50iou,self_temporal_loc_f1@0.5,self_temporal_loc_mean_tIoU
OpenGVLab/InternVL3_5-14B-Instant,single-landmark,self_composite_instance_recognition,easy,178,0.06179775280898876,,,,,0.03932584269662921,0.14665638718787857
OpenGVLab/InternVL3_5-14B-Instant,single-landmark,self_composite_instance_recognition,medium,484,0.4297520661157025,,,,,0.03971235376194054,0.10010222896282764
OpenGVLab/InternVL3_5-14B-Instant,single-landmark,self_composite_instance_recognition,hard,9,0.3333333333333333,,,,,0.0,0.1549619857308076
OpenGVLab/InternVL3_5-14B-Instant,single-landmark,self_composite_instance_recognition,1,0,,,,,,,
OpenGVLab/InternVL3_5-14B-Instant,single-landmark,self_composite_instance_recognition,2-3,0,,,,,,,
OpenGVLab/InternVL3_5-14B-Instant,single-landmark,self_composite_instance_recognition,4-5,0,,,,,,,
OpenGVLab/InternVL3_5-14B-Instant,single-landmark,self_composite_instance_recognition,6+,0,,,,,,,
OpenGVLab/InternVL3_5-14B-Instant,single-landmark,self_atomic_instance_recognition,easy,463,0.1945397179285565,,,,,0.20876778133611376,0.2574686212675156
OpenGVLab/InternVL3_5-14B-Instant,single-landmark,self_atomic_instance_recognition,medium,549,0.2463855944696737,,,,,0.1190126441316288,0.10654911247154167
OpenGVLab/InternVL3_5-14B-Instant,single-landmark,self_atomic_instance_recognition,hard,12,0.303030303030303,,,,,0.0,0.05199975628519755
OpenGVLab/InternVL3_5-14B-Instant,single-landmark,self_atomic_instance_recognition,1,0,,,,,,,
OpenGVLab/InternVL3_5-14B-Instant,single-landmark,self_atomic_instance_recognition,2-3,0,,,,,,,
OpenGVLab/InternVL3_5-14B-Instant,single-landmark,self_atomic_instance_recognition,4-5,0,,,,,,,
OpenGVLab/InternVL3_5-14B-Instant,single-landmark,self_atomic_instance_recognition,6+,0,,,,,,,
OpenGVLab/InternVL3_5-14B-Instant,single-landmark,env_visibility_reasoning,easy,463,0.6781857451403888,0.9956803455723542,0.1820651270975245,0.2682644609725155,,,
OpenGVLab/InternVL3_5-14B-Instant,single-landmark,env_visibility_reasoning,medium,549,0.4444444444444444,0.7777777777777778,0.10532576729758596,0.19523822900009877,,,
OpenGVLab/InternVL3_5-14B-Instant,single-landmark,env_visibility_reasoning,hard,12,0.0,0.0,0.0318501872659176,0.05586930572437506,,,
OpenGVLab/InternVL3_5-14B-Instant,single-landmark,env_visibility_reasoning,1,0,,,,,,,
OpenGVLab/InternVL3_5-14B-Instant,single-landmark,env_visibility_reasoning,2-3,0,,,,,,,
OpenGVLab/InternVL3_5-14B-Instant,single-landmark,env_visibility_reasoning,4-5,0,,,,,,,
OpenGVLab/InternVL3_5-14B-Instant,single-landmark,env_visibility_reasoning,6+,0,,,,,,,
OpenGVLab/InternVL3_5-14B-Instant,multi-landmark,self_composite_instance_recognition,easy,0,,,,,,,
OpenGVLab/InternVL3_5-14B-Instant,multi-landmark,self_composite_instance_recognition,medium,0,,,,,,,
OpenGVLab/InternVL3_5-14B-Instant,multi-landmark,self_composite_instance_recognition,hard,0,,,,,,,
OpenGVLab/InternVL3_5-14B-Instant,multi-landmark,self_composite_instance_recognition,1,0,,,,,,,
OpenGVLab/InternVL3_5-14B-Instant,multi-landmark,self_composite_instance_recognition,2-3,0,,,,,,,
OpenGVLab/InternVL3_5-14B-Instant,multi-landmark,self_composite_instance_recognition,4-5,0,,,,,,,
OpenGVLab/InternVL3_5-14B-Instant,multi-landmark,self_composite_instance_recognition,6+,0,,,,,,,
OpenGVLab/InternVL3_5-14B-Instant,multi-landmark,self_atomic_instance_recognition,easy,0,,,,,,,
OpenGVLab/InternVL3_5-14B-Instant,multi-landmark,self_atomic_instance_recognition,medium,0,,,,,,,
OpenGVLab/InternVL3_5-14B-Instant,multi-landmark,self_atomic_instance_recognition,hard,0,,,,,,,
OpenGVLab/InternVL3_5-14B-Instant,multi-landmark,self_atomic_instance_recognition,1,0,,,,,,,
OpenGVLab/InternVL3_5-14B-Instant,multi-landmark,self_atomic_instance_recognition,2-3,0,,,,,,,
OpenGVLab/InternVL3_5-14B-Instant,multi-landmark,self_atomic_instance_recognition,4-5,0,,,,,,,
OpenGVLab/InternVL3_5-14B-Instant,multi-landmark,self_atomic_instance_recognition,6+,0,,,,,,,
OpenGVLab/InternVL3_5-14B-Instant,multi-landmark,env_visibility_reasoning,easy,0,,,,,,,
OpenGVLab/InternVL3_5-14B-Instant,multi-landmark,env_visibility_reasoning,medium,0,,,,,,,
OpenGVLab/InternVL3_5-14B-Instant,multi-landmark,env_visibility_reasoning,hard,0,,,,,,,
OpenGVLab/InternVL3_5-14B-Instant,multi-landmark,env_visibility_reasoning,1,0,,,,,,,
OpenGVLab/InternVL3_5-14B-Instant,multi-landmark,env_visibility_reasoning,2-3,0,,,,,,,
OpenGVLab/InternVL3_5-14B-Instant,multi-landmark,env_visibility_reasoning,4-5,0,,,,,,,
OpenGVLab/InternVL3_5-14B-Instant,multi-landmark,env_visibility_reasoning,6+,0,,,,,,,
OpenGVLab/InternVL3_5-30B-A3B-Instant,single-landmark,self_composite_instance_recognition,easy,100,0.01,,,,,0.05000000000000001,0.07070701633963718
OpenGVLab/InternVL3_5-30B-A3B-Instant,single-landmark,self_composite_instance_recognition,medium,464,0.18318965517241378,,,,,0.0603448275862069,0.08982101275366264
OpenGVLab/InternVL3_5-30B-A3B-Instant,single-landmark,self_composite_instance_recognition,hard,6,0.16666666666666666,,,,,0.0,0.048661800486618
OpenGVLab/InternVL3_5-30B-A3B-Instant,single-landmark,self_composite_instance_recognition,1,0,,,,,,,
OpenGVLab/InternVL3_5-30B-A3B-Instant,single-landmark,self_composite_instance_recognition,2-3,0,,,,,,,
OpenGVLab/InternVL3_5-30B-A3B-Instant,single-landmark,self_composite_instance_recognition,4-5,0,,,,,,,
OpenGVLab/InternVL3_5-30B-A3B-Instant,single-landmark,self_composite_instance_recognition,6+,0,,,,,,,
OpenGVLab/InternVL3_5-30B-A3B-Instant,single-landmark,self_atomic_instance_recognition,easy,463,0.21162664491056565,,,,,0.3139220793666979,0.34205710166977094
OpenGVLab/InternVL3_5-30B-A3B-Instant,single-landmark,self_atomic_instance_recognition,medium,549,0.27783387080653615,,,,,0.18649282689583238,0.16835166702324636
OpenGVLab/InternVL3_5-30B-A3B-Instant,single-landmark,self_atomic_instance_recognition,hard,12,0.2857142857142857,,,,,0.041666666666666664,0.13173156912955217
OpenGVLab/InternVL3_5-30B-A3B-Instant,single-landmark,self_atomic_instance_recognition,1,0,,,,,,,
OpenGVLab/InternVL3_5-30B-A3B-Instant,single-landmark,self_atomic_instance_recognition,2-3,0,,,,,,,
OpenGVLab/InternVL3_5-30B-A3B-Instant,single-landmark,self_atomic_instance_recognition,4-5,0,,,,,,,
OpenGVLab/InternVL3_5-30B-A3B-Instant,single-landmark,self_atomic_instance_recognition,6+,0,,,,,,,
OpenGVLab/InternVL3_5-30B-A3B-Instant,single-landmark,env_visibility_reasoning,easy,463,0.7861771058315334,0.9438444924406048,0.06801741574959717,0.14164429727473116,,,
OpenGVLab/InternVL3_5-30B-A3B-Instant,single-landmark,env_visibility_reasoning,medium,549,0.15664845173041894,0.6520947176684881,0.08942440406268529,0.11484325686953428,,,
OpenGVLab/InternVL3_5-30B-A3B-Instant,single-landmark,env_visibility_reasoning,hard,12,0.0,0.0,0.0,0.020887326960072946,,,
OpenGVLab/InternVL3_5-30B-A3B-Instant,single-landmark,env_visibility_reasoning,1,0,,,,,,,
OpenGVLab/InternVL3_5-30B-A3B-Instant,single-landmark,env_visibility_reasoning,2-3,0,,,,,,,
OpenGVLab/InternVL3_5-30B-A3B-Instant,single-landmark,env_visibility_reasoning,4-5,0,,,,,,,
OpenGVLab/InternVL3_5-30B-A3B-Instant,single-landmark,env_visibility_reasoning,6+,0,,,,,,,
OpenGVLab/InternVL3_5-30B-A3B-Instant,multi-landmark,self_composite_instance_recognition,easy,0,,,,,,,
OpenGVLab/InternVL3_5-30B-A3B-Instant,multi-landmark,self_composite_instance_recognition,medium,0,,,,,,,
OpenGVLab/InternVL3_5-30B-A3B-Instant,multi-landmark,self_composite_instance_recognition,hard,0,,,,,,,
OpenGVLab/InternVL3_5-30B-A3B-Instant,multi-landmark,self_composite_instance_recognition,1,0,,,,,,,
OpenGVLab/InternVL3_5-30B-A3B-Instant,multi-landmark,self_composite_instance_recognition,2-3,0,,,,,,,
OpenGVLab/InternVL3_5-30B-A3B-Instant,multi-landmark,self_composite_instance_recognition,4-5,0,,,,,,,
OpenGVLab/InternVL3_5-30B-A3B-Instant,multi-landmark,self_composite_instance_recognition,6+,0,,,,,,,
OpenGVLab/InternVL3_5-30B-A3B-Instant,multi-landmark,self_atomic_instance_recognition,easy,0,,,,,,,
OpenGVLab/InternVL3_5-30B-A3B-Instant,multi-landmark,self_atomic_instance_recognition,medium,0,,,,,,,
OpenGVLab/InternVL3_5-30B-A3B-Instant,multi-landmark,self_atomic_instance_recognition,hard,0,,,,,,,
OpenGVLab/InternVL3_5-30B-A3B-Instant,multi-landmark,self_atomic_instance_recognition,1,0,,,,,,,
OpenGVLab/InternVL3_5-30B-A3B-Instant,multi-landmark,self_atomic_instance_recognition,2-3,0,,,,,,,
OpenGVLab/InternVL3_5-30B-A3B-Instant,multi-landmark,self_atomic_instance_recognition,4-5,0,,,,,,,
OpenGVLab/InternVL3_5-30B-A3B-Instant,multi-landmark,self_atomic_instance_recognition,6+,0,,,,,,,
OpenGVLab/InternVL3_5-30B-A3B-Instant,multi-landmark,env_visibility_reasoning,easy,0,,,,,,,
OpenGVLab/InternVL3_5-30B-A3B-Instant,multi-landmark,env_visibility_reasoning,medium,0,,,,,,,
OpenGVLab/InternVL3_5-30B-A3B-Instant,multi-landmark,env_visibility_reasoning,hard,0,,,,,,,
OpenGVLab/InternVL3_5-30B-A3B-Instant,multi-landmark,env_visibility_reasoning,1,0,,,,,,,
OpenGVLab/InternVL3_5-30B-A3B-Instant,multi-landmark,env_visibility_reasoning,2-3,0,,,,,,,
OpenGVLab/InternVL3_5-30B-A3B-Instant,multi-landmark,env_visibility_reasoning,4-5,0,,,,,,,
OpenGVLab/InternVL3_5-30B-A3B-Instant,multi-landmark,env_visibility_reasoning,6+,0,,,,,,,
OpenGVLab/InternVL3_5-4B-Instant,single-landmark,self_composite_instance_recognition,easy,124,0.10483870967741936,,,,,0.024193548387096774,0.06267129785583389
OpenGVLab/InternVL3_5-4B-Instant,single-landmark,self_composite_instance_recognition,medium,470,0.3659574468085106,,,,,0.037758465687743485,0.0775698388890538
OpenGVLab/InternVL3_5-4B-Instant,single-landmark,self_composite_instance_recognition,hard,6,0.16666666666666666,,,,,0.0,0.006557377049180327
OpenGVLab/InternVL3_5-4B-Instant,single-landmark,self_composite_instance_recognition,1,0,,,,,,,
OpenGVLab/InternVL3_5-4B-Instant,single-landmark,self_composite_instance_recognition,2-3,0,,,,,,,
OpenGVLab/InternVL3_5-4B-Instant,single-landmark,self_composite_instance_recognition,4-5,0,,,,,,,
OpenGVLab/InternVL3_5-4B-Instant,single-landmark,self_composite_instance_recognition,6+,0,,,,,,,
OpenGVLab/InternVL3_5-4B-Instant,single-landmark,self_atomic_instance_recognition,easy,463,0.17336123945997636,,,,,0.14945666643722022,0.17048933197630092
OpenGVLab/InternVL3_5-4B-Instant,single-landmark,self_atomic_instance_recognition,medium,549,0.24324582675327017,,,,,0.09229386200391843,0.08046231029217664
OpenGVLab/InternVL3_5-4B-Instant,single-landmark,self_atomic_instance_recognition,hard,12,0.15384615384615383,,,,,0.0,0.04896048455251525
OpenGVLab/InternVL3_5-4B-Instant,single-landmark,self_atomic_instance_recognition,1,0,,,,,,,
OpenGVLab/InternVL3_5-4B-Instant,single-landmark,self_atomic_instance_recognition,2-3,0,,,,,,,
OpenGVLab/InternVL3_5-4B-Instant,single-landmark,self_atomic_instance_recognition,4-5,0,,,,,,,
OpenGVLab/InternVL3_5-4B-Instant,single-landmark,self_atomic_instance_recognition,6+,0,,,,,,,
OpenGVLab/InternVL3_5-4B-Instant,single-landmark,env_visibility_reasoning,easy,463,0.1101511879049676,0.9848812095032398,0.2579247795514705,0.43282103102518965,,,
OpenGVLab/InternVL3_5-4B-Instant,single-landmark,env_visibility_reasoning,medium,549,0.5519125683060109,0.8069216757741348,0.08915873968751704,0.23613434898638358,,,
OpenGVLab/InternVL3_5-4B-Instant,single-landmark,env_visibility_reasoning,hard,12,0.0,0.0,0.030867065450955338,0.06519990861784009,,,
OpenGVLab/InternVL3_5-4B-Instant,single-landmark,env_visibility_reasoning,1,0,,,,,,,
OpenGVLab/InternVL3_5-4B-Instant,single-landmark,env_visibility_reasoning,2-3,0,,,,,,,
OpenGVLab/InternVL3_5-4B-Instant,single-landmark,env_visibility_reasoning,4-5,0,,,,,,,
OpenGVLab/InternVL3_5-4B-Instant,single-landmark,env_visibility_reasoning,6+,0,,,,,,,
OpenGVLab/InternVL3_5-4B-Instant,multi-landmark,self_composite_instance_recognition,easy,0,,,,,,,
OpenGVLab/InternVL3_5-4B-Instant,multi-landmark,self_composite_instance_recognition,medium,0,,,,,,,
OpenGVLab/InternVL3_5-4B-Instant,multi-landmark,self_composite_instance_recognition,hard,0,,,,,,,
OpenGVLab/InternVL3_5-4B-Instant,multi-landmark,self_composite_instance_recognition,1,0,,,,,,,
OpenGVLab/InternVL3_5-4B-Instant,multi-landmark,self_composite_instance_recognition,2-3,0,,,,,,,
OpenGVLab/InternVL3_5-4B-Instant,multi-landmark,self_composite_instance_recognition,4-5,0,,,,,,,
OpenGVLab/InternVL3_5-4B-Instant,multi-landmark,self_composite_instance_recognition,6+,0,,,,,,,
OpenGVLab/InternVL3_5-4B-Instant,multi-landmark,self_atomic_instance_recognition,easy,0,,,,,,,
OpenGVLab/InternVL3_5-4B-Instant,multi-landmark,self_atomic_instance_recognition,medium,0,,,,,,,
OpenGVLab/InternVL3_5-4B-Instant,multi-landmark,self_atomic_instance_recognition,hard,0,,,,,,,
OpenGVLab/InternVL3_5-4B-Instant,multi-landmark,self_atomic_instance_recognition,1,0,,,,,,,
OpenGVLab/InternVL3_5-4B-Instant,multi-landmark,self_atomic_instance_recognition,2-3,0,,,,,,,
OpenGVLab/InternVL3_5-4B-Instant,multi-landmark,self_atomic_instance_recognition,4-5,0,,,,,,,
OpenGVLab/InternVL3_5-4B-Instant,multi-landmark,self_atomic_instance_recognition,6+,0,,,,,,,
OpenGVLab/InternVL3_5-4B-Instant,multi-landmark,env_visibility_reasoning,easy,0,,,,,,,
OpenGVLab/InternVL3_5-4B-Instant,multi-landmark,env_visibility_reasoning,medium,0,,,,,,,
OpenGVLab/InternVL3_5-4B-Instant,multi-landmark,env_visibility_reasoning,hard,0,,,,,,,
OpenGVLab/InternVL3_5-4B-Instant,multi-landmark,env_visibility_reasoning,1,0,,,,,,,
OpenGVLab/InternVL3_5-4B-Instant,multi-landmark,env_visibility_reasoning,2-3,0,,,,,,,
OpenGVLab/InternVL3_5-4B-Instant,multi-landmark,env_visibility_reasoning,4-5,0,,,,,,,
OpenGVLab/InternVL3_5-4B-Instant,multi-landmark,env_visibility_reasoning,6+,0,,,,,,,
OpenGVLab/InternVL3_5-8B-Instant,single-landmark,self_composite_instance_recognition,easy,124,0.08870967741935484,,,,,0.04838709677419355,0.12075470343609855
OpenGVLab/InternVL3_5-8B-Instant,single-landmark,self_composite_instance_recognition,medium,471,0.3227176220806794,,,,,0.09554140127388536,0.14687326769230843
OpenGVLab/InternVL3_5-8B-Instant,single-landmark,self_composite_instance_recognition,hard,7,0.2857142857142857,,,,,0.0,0.06537090476998811
OpenGVLab/InternVL3_5-8B-Instant,single-landmark,self_composite_instance_recognition,1,0,,,,,,,
OpenGVLab/InternVL3_5-8B-Instant,single-landmark,self_composite_instance_recognition,2-3,0,,,,,,,
OpenGVLab/InternVL3_5-8B-Instant,single-landmark,self_composite_instance_recognition,4-5,0,,,,,,,
OpenGVLab/InternVL3_5-8B-Instant,single-landmark,self_composite_instance_recognition,6+,0,,,,,,,
OpenGVLab/InternVL3_5-8B-Instant,single-landmark,self_atomic_instance_recognition,easy,463,0.18229490346194874,,,,,0.2747435557635806,0.33232260673477776
OpenGVLab/InternVL3_5-8B-Instant,single-landmark,self_atomic_instance_recognition,medium,549,0.2746422575428772,,,,,0.2324122150269983,0.2023057256550104
OpenGVLab/InternVL3_5-8B-Instant,single-landmark,self_atomic_instance_recognition,hard,12,0.041666666666666664,,,,,0.08333333333333333,0.18626493758482263
OpenGVLab/InternVL3_5-8B-Instant,single-landmark,self_atomic_instance_recognition,1,0,,,,,,,
OpenGVLab/InternVL3_5-8B-Instant,single-landmark,self_atomic_instance_recognition,2-3,0,,,,,,,
OpenGVLab/InternVL3_5-8B-Instant,single-landmark,self_atomic_instance_recognition,4-5,0,,,,,,,
OpenGVLab/InternVL3_5-8B-Instant,single-landmark,self_atomic_instance_recognition,6+,0,,,,,,,
OpenGVLab/InternVL3_5-8B-Instant,single-landmark,env_visibility_reasoning,easy,463,0.9114470842332614,0.978401727861771,0.2505616636096248,0.28733747977595087,,,
OpenGVLab/InternVL3_5-8B-Instant,single-landmark,env_visibility_reasoning,medium,549,0.19854280510018216,0.7504553734061931,0.09434924603620305,0.15413043634386406,,,
OpenGVLab/InternVL3_5-8B-Instant,single-landmark,env_visibility_reasoning,hard,12,0.0,0.0,0.011904761904761904,0.05092936913056181,,,
OpenGVLab/InternVL3_5-8B-Instant,single-landmark,env_visibility_reasoning,1,0,,,,,,,
OpenGVLab/InternVL3_5-8B-Instant,single-landmark,env_visibility_reasoning,2-3,0,,,,,,,
OpenGVLab/InternVL3_5-8B-Instant,single-landmark,env_visibility_reasoning,4-5,0,,,,,,,
OpenGVLab/InternVL3_5-8B-Instant,single-landmark,env_visibility_reasoning,6+,0,,,,,,,
OpenGVLab/InternVL3_5-8B-Instant,multi-landmark,self_composite_instance_recognition,easy,0,,,,,,,
OpenGVLab/InternVL3_5-8B-Instant,multi-landmark,self_composite_instance_recognition,medium,0,,,,,,,
OpenGVLab/InternVL3_5-8B-Instant,multi-landmark,self_composite_instance_recognition,hard,0,,,,,,,
OpenGVLab/InternVL3_5-8B-Instant,multi-landmark,self_composite_instance_recognition,1,0,,,,,,,
OpenGVLab/InternVL3_5-8B-Instant,multi-landmark,self_composite_instance_recognition,2-3,0,,,,,,,
OpenGVLab/InternVL3_5-8B-Instant,multi-landmark,self_composite_instance_recognition,4-5,0,,,,,,,
OpenGVLab/InternVL3_5-8B-Instant,multi-landmark,self_composite_instance_recognition,6+,0,,,,,,,
OpenGVLab/InternVL3_5-8B-Instant,multi-landmark,self_atomic_instance_recognition,easy,0,,,,,,,
OpenGVLab/InternVL3_5-8B-Instant,multi-landmark,self_atomic_instance_recognition,medium,0,,,,,,,
OpenGVLab/InternVL3_5-8B-Instant,multi-landmark,self_atomic_instance_recognition,hard,0,,,,,,,
OpenGVLab/InternVL3_5-8B-Instant,multi-landmark,self_atomic_instance_recognition,1,0,,,,,,,
OpenGVLab/InternVL3_5-8B-Instant,multi-landmark,self_atomic_instance_recognition,2-3,0,,,,,,,
OpenGVLab/InternVL3_5-8B-Instant,multi-landmark,self_atomic_instance_recognition,4-5,0,,,,,,,
OpenGVLab/InternVL3_5-8B-Instant,multi-landmark,self_atomic_instance_recognition,6+,0,,,,,,,
OpenGVLab/InternVL3_5-8B-Instant,multi-landmark,env_visibility_reasoning,easy,0,,,,,,,
OpenGVLab/InternVL3_5-8B-Instant,multi-landmark,env_visibility_reasoning,medium,0,,,,,,,
OpenGVLab/InternVL3_5-8B-Instant,multi-landmark,env_visibility_reasoning,hard,0,,,,,,,
OpenGVLab/InternVL3_5-8B-Instant,multi-landmark,env_visibility_reasoning,1,0,,,,,,,
OpenGVLab/InternVL3_5-8B-Instant,multi-landmark,env_visibility_reasoning,2-3,0,,,,,,,
OpenGVLab/InternVL3_5-8B-Instant,multi-landmark,env_visibility_reasoning,4-5,0,,,,,,,
OpenGVLab/InternVL3_5-8B-Instant,multi-landmark,env_visibility_reasoning,6+,0,,,,,,,
Qwen/Qwen3.5-122B-A10B-Instant,single-landmark,self_composite_instance_recognition,easy,99,0.050505050505050504,,,,,0.19387755102040816,0.3202920074998678
Qwen/Qwen3.5-122B-A10B-Instant,single-landmark,self_composite_instance_recognition,medium,472,0.2457627118644068,,,,,0.30118438097588063,0.31368052733328383
Qwen/Qwen3.5-122B-A10B-Instant,single-landmark,self_composite_instance_recognition,hard,8,0.25,,,,,0.375,0.5959699016346807
Qwen/Qwen3.5-122B-A10B-Instant,single-landmark,self_composite_instance_recognition,1,0,,,,,,,
Qwen/Qwen3.5-122B-A10B-Instant,single-landmark,self_composite_instance_recognition,2-3,0,,,,,,,
Qwen/Qwen3.5-122B-A10B-Instant,single-landmark,self_composite_instance_recognition,4-5,0,,,,,,,
Qwen/Qwen3.5-122B-A10B-Instant,single-landmark,self_composite_instance_recognition,6+,0,,,,,,,
Qwen/Qwen3.5-122B-A10B-Instant,single-landmark,self_atomic_instance_recognition,easy,463,0.2595623039453691,,,,,0.5598371105125061,0.4938918073940008
Qwen/Qwen3.5-122B-A10B-Instant,single-landmark,self_atomic_instance_recognition,medium,549,0.1908248457251646,,,,,0.24677610134023653,0.22137822971882237
Qwen/Qwen3.5-122B-A10B-Instant,single-landmark,self_atomic_instance_recognition,hard,12,0.13333333333333333,,,,,0.35256410256410253,0.3049325124056866
Qwen/Qwen3.5-122B-A10B-Instant,single-landmark,self_atomic_instance_recognition,1,0,,,,,,,
Qwen/Qwen3.5-122B-A10B-Instant,single-landmark,self_atomic_instance_recognition,2-3,0,,,,,,,
Qwen/Qwen3.5-122B-A10B-Instant,single-landmark,self_atomic_instance_recognition,4-5,0,,,,,,,
Qwen/Qwen3.5-122B-A10B-Instant,single-landmark,self_atomic_instance_recognition,6+,0,,,,,,,
Qwen/Qwen3.5-122B-A10B-Instant,single-landmark,env_visibility_reasoning,easy,463,0.39956803455723544,0.978401727861771,0.45687174065887376,0.5455049335073713,,,
Qwen/Qwen3.5-122B-A10B-Instant,single-landmark,env_visibility_reasoning,medium,549,0.5664845173041895,0.7978142076502732,0.4806838322984954,0.46687704554394366,,,
Qwen/Qwen3.5-122B-A10B-Instant,single-landmark,env_visibility_reasoning,hard,12,0.0,0.0,0.015659955257270694,0.045103204628976844,,,
Qwen/Qwen3.5-122B-A10B-Instant,single-landmark,env_visibility_reasoning,1,0,,,,,,,
Qwen/Qwen3.5-122B-A10B-Instant,single-landmark,env_visibility_reasoning,2-3,0,,,,,,,
Qwen/Qwen3.5-122B-A10B-Instant,single-landmark,env_visibility_reasoning,4-5,0,,,,,,,
Qwen/Qwen3.5-122B-A10B-Instant,single-landmark,env_visibility_reasoning,6+,0,,,,,,,
Qwen/Qwen3.5-122B-A10B-Instant,multi-landmark,self_composite_instance_recognition,easy,0,,,,,,,
Qwen/Qwen3.5-122B-A10B-Instant,multi-landmark,self_composite_instance_recognition,medium,0,,,,,,,
Qwen/Qwen3.5-122B-A10B-Instant,multi-landmark,self_composite_instance_recognition,hard,0,,,,,,,
Qwen/Qwen3.5-122B-A10B-Instant,multi-landmark,self_composite_instance_recognition,1,0,,,,,,,
Qwen/Qwen3.5-122B-A10B-Instant,multi-landmark,self_composite_instance_recognition,2-3,0,,,,,,,
Qwen/Qwen3.5-122B-A10B-Instant,multi-landmark,self_composite_instance_recognition,4-5,0,,,,,,,
Qwen/Qwen3.5-122B-A10B-Instant,multi-landmark,self_composite_instance_recognition,6+,0,,,,,,,
Qwen/Qwen3.5-122B-A10B-Instant,multi-landmark,self_atomic_instance_recognition,easy,0,,,,,,,
Qwen/Qwen3.5-122B-A10B-Instant,multi-landmark,self_atomic_instance_recognition,medium,0,,,,,,,
Qwen/Qwen3.5-122B-A10B-Instant,multi-landmark,self_atomic_instance_recognition,hard,0,,,,,,,
Qwen/Qwen3.5-122B-A10B-Instant,multi-landmark,self_atomic_instance_recognition,1,0,,,,,,,
Qwen/Qwen3.5-122B-A10B-Instant,multi-landmark,self_atomic_instance_recognition,2-3,0,,,,,,,
Qwen/Qwen3.5-122B-A10B-Instant,multi-landmark,self_atomic_instance_recognition,4-5,0,,,,,,,
Qwen/Qwen3.5-122B-A10B-Instant,multi-landmark,self_atomic_instance_recognition,6+,0,,,,,,,
Qwen/Qwen3.5-122B-A10B-Instant,multi-landmark,env_visibility_reasoning,easy,0,,,,,,,
Qwen/Qwen3.5-122B-A10B-Instant,multi-landmark,env_visibility_reasoning,medium,0,,,,,,,
Qwen/Qwen3.5-122B-A10B-Instant,multi-landmark,env_visibility_reasoning,hard,0,,,,,,,
Qwen/Qwen3.5-122B-A10B-Instant,multi-landmark,env_visibility_reasoning,1,0,,,,,,,
Qwen/Qwen3.5-122B-A10B-Instant,multi-landmark,env_visibility_reasoning,2-3,0,,,,,,,
Qwen/Qwen3.5-122B-A10B-Instant,multi-landmark,env_visibility_reasoning,4-5,0,,,,,,,
Qwen/Qwen3.5-122B-A10B-Instant,multi-landmark,env_visibility_reasoning,6+,0,,,,,,,
Qwen/Qwen3.5-27B-Instant,single-landmark,self_composite_instance_recognition,easy,89,0.056179775280898875,,,,,0.16853932584269662,0.2460517835216181
Qwen/Qwen3.5-27B-Instant,single-landmark,self_composite_instance_recognition,medium,463,0.16630669546436286,,,,,0.23110151187904968,0.2308609616905461
Qwen/Qwen3.5-27B-Instant,single-landmark,self_composite_instance_recognition,hard,9,0.0,,,,,0.1111111111111111,0.19767441860465118
Qwen/Qwen3.5-27B-Instant,single-landmark,self_composite_instance_recognition,1,0,,,,,,,
Qwen/Qwen3.5-27B-Instant,single-landmark,self_composite_instance_recognition,2-3,0,,,,,,,
Qwen/Qwen3.5-27B-Instant,single-landmark,self_composite_instance_recognition,4-5,0,,,,,,,
Qwen/Qwen3.5-27B-Instant,single-landmark,self_composite_instance_recognition,6+,0,,,,,,,
Qwen/Qwen3.5-27B-Instant,single-landmark,self_atomic_instance_recognition,easy,463,0.363158907683425,,,,,0.8324758795190107,0.772764322324579
Qwen/Qwen3.5-27B-Instant,single-landmark,self_atomic_instance_recognition,medium,549,0.21505768063145111,,,,,0.3075512443761061,0.2880355485607419
Qwen/Qwen3.5-27B-Instant,single-landmark,self_atomic_instance_recognition,hard,12,0.041666666666666664,,,,,0.35714285714285715,0.2765395184233302
Qwen/Qwen3.5-27B-Instant,single-landmark,self_atomic_instance_recognition,1,0,,,,,,,
Qwen/Qwen3.5-27B-Instant,single-landmark,self_atomic_instance_recognition,2-3,0,,,,,,,
Qwen/Qwen3.5-27B-Instant,single-landmark,self_atomic_instance_recognition,4-5,0,,,,,,,
Qwen/Qwen3.5-27B-Instant,single-landmark,self_atomic_instance_recognition,6+,0,,,,,,,
Qwen/Qwen3.5-27B-Instant,single-landmark,env_visibility_reasoning,easy,463,0.6479481641468683,0.9827213822894169,0.5289998282122474,0.5646947542637065,,,
Qwen/Qwen3.5-27B-Instant,single-landmark,env_visibility_reasoning,medium,549,0.4116575591985428,0.7923497267759563,0.5178165537632832,0.43018992232897946,,,
Qwen/Qwen3.5-27B-Instant,single-landmark,env_visibility_reasoning,hard,12,0.0,0.0,0.034678353337544744,0.05515330657038442,,,
Qwen/Qwen3.5-27B-Instant,single-landmark,env_visibility_reasoning,1,0,,,,,,,
Qwen/Qwen3.5-27B-Instant,single-landmark,env_visibility_reasoning,2-3,0,,,,,,,
Qwen/Qwen3.5-27B-Instant,single-landmark,env_visibility_reasoning,4-5,0,,,,,,,
Qwen/Qwen3.5-27B-Instant,single-landmark,env_visibility_reasoning,6+,0,,,,,,,
Qwen/Qwen3.5-27B-Instant,multi-landmark,self_composite_instance_recognition,easy,0,,,,,,,
Qwen/Qwen3.5-27B-Instant,multi-landmark,self_composite_instance_recognition,medium,0,,,,,,,
Qwen/Qwen3.5-27B-Instant,multi-landmark,self_composite_instance_recognition,hard,0,,,,,,,
Qwen/Qwen3.5-27B-Instant,multi-landmark,self_composite_instance_recognition,1,0,,,,,,,
Qwen/Qwen3.5-27B-Instant,multi-landmark,self_composite_instance_recognition,2-3,0,,,,,,,
Qwen/Qwen3.5-27B-Instant,multi-landmark,self_composite_instance_recognition,4-5,0,,,,,,,
Qwen/Qwen3.5-27B-Instant,multi-landmark,self_composite_instance_recognition,6+,0,,,,,,,
Qwen/Qwen3.5-27B-Instant,multi-landmark,self_atomic_instance_recognition,easy,0,,,,,,,
Qwen/Qwen3.5-27B-Instant,multi-landmark,self_atomic_instance_recognition,medium,0,,,,,,,
Qwen/Qwen3.5-27B-Instant,multi-landmark,self_atomic_instance_recognition,hard,0,,,,,,,
Qwen/Qwen3.5-27B-Instant,multi-landmark,self_atomic_instance_recognition,1,0,,,,,,,
Qwen/Qwen3.5-27B-Instant,multi-landmark,self_atomic_instance_recognition,2-3,0,,,,,,,
Qwen/Qwen3.5-27B-Instant,multi-landmark,self_atomic_instance_recognition,4-5,0,,,,,,,
Qwen/Qwen3.5-27B-Instant,multi-landmark,self_atomic_instance_recognition,6+,0,,,,,,,
Qwen/Qwen3.5-27B-Instant,multi-landmark,env_visibility_reasoning,easy,0,,,,,,,
Qwen/Qwen3.5-27B-Instant,multi-landmark,env_visibility_reasoning,medium,0,,,,,,,
Qwen/Qwen3.5-27B-Instant,multi-landmark,env_visibility_reasoning,hard,0,,,,,,,
Qwen/Qwen3.5-27B-Instant,multi-landmark,env_visibility_reasoning,1,0,,,,,,,
Qwen/Qwen3.5-27B-Instant,multi-landmark,env_visibility_reasoning,2-3,0,,,,,,,
Qwen/Qwen3.5-27B-Instant,multi-landmark,env_visibility_reasoning,4-5,0,,,,,,,
Qwen/Qwen3.5-27B-Instant,multi-landmark,env_visibility_reasoning,6+,0,,,,,,,
Qwen/Qwen3.5-35B-A3B-Instant,single-landmark,self_composite_instance_recognition,easy,75,0.13333333333333333,,,,,0.2054794520547945,0.2627820397298712
Qwen/Qwen3.5-35B-A3B-Instant,single-landmark,self_composite_instance_recognition,medium,459,0.23093681917211328,,,,,0.21541950113378686,0.22367144582280865
Qwen/Qwen3.5-35B-A3B-Instant,single-landmark,self_composite_instance_recognition,hard,7,0.14285714285714285,,,,,0.2857142857142857,0.3988105337575115
Qwen/Qwen3.5-35B-A3B-Instant,single-landmark,self_composite_instance_recognition,1,0,,,,,,,
Qwen/Qwen3.5-35B-A3B-Instant,single-landmark,self_composite_instance_recognition,2-3,0,,,,,,,
Qwen/Qwen3.5-35B-A3B-Instant,single-landmark,self_composite_instance_recognition,4-5,0,,,,,,,
Qwen/Qwen3.5-35B-A3B-Instant,single-landmark,self_composite_instance_recognition,6+,0,,,,,,,
Qwen/Qwen3.5-35B-A3B-Instant,single-landmark,self_atomic_instance_recognition,easy,463,0.3077785337663928,,,,,0.7952439193650045,0.7494535533554759
Qwen/Qwen3.5-35B-A3B-Instant,single-landmark,self_atomic_instance_recognition,medium,549,0.2262482995837299,,,,,0.3323074319037505,0.2955606283051758
Qwen/Qwen3.5-35B-A3B-Instant,single-landmark,self_atomic_instance_recognition,hard,12,0.13333333333333333,,,,,0.5714285714285714,0.4977497363068905
Qwen/Qwen3.5-35B-A3B-Instant,single-landmark,self_atomic_instance_recognition,1,0,,,,,,,
Qwen/Qwen3.5-35B-A3B-Instant,single-landmark,self_atomic_instance_recognition,2-3,0,,,,,,,
Qwen/Qwen3.5-35B-A3B-Instant,single-landmark,self_atomic_instance_recognition,4-5,0,,,,,,,
Qwen/Qwen3.5-35B-A3B-Instant,single-landmark,self_atomic_instance_recognition,6+,0,,,,,,,
Qwen/Qwen3.5-35B-A3B-Instant,single-landmark,env_visibility_reasoning,easy,463,0.6004319654427646,0.9913606911447084,0.5373036512530815,0.5675115052852227,,,
Qwen/Qwen3.5-35B-A3B-Instant,single-landmark,env_visibility_reasoning,medium,549,0.5027322404371585,0.7777777777777778,0.47340421699676555,0.4270446990259654,,,
Qwen/Qwen3.5-35B-A3B-Instant,single-landmark,env_visibility_reasoning,hard,12,0.0,0.0,0.029891304347826095,0.04187232985552258,,,
Qwen/Qwen3.5-35B-A3B-Instant,single-landmark,env_visibility_reasoning,1,0,,,,,,,
Qwen/Qwen3.5-35B-A3B-Instant,single-landmark,env_visibility_reasoning,2-3,0,,,,,,,
Qwen/Qwen3.5-35B-A3B-Instant,single-landmark,env_visibility_reasoning,4-5,0,,,,,,,
Qwen/Qwen3.5-35B-A3B-Instant,single-landmark,env_visibility_reasoning,6+,0,,,,,,,
Qwen/Qwen3.5-35B-A3B-Instant,multi-landmark,self_composite_instance_recognition,easy,0,,,,,,,
Qwen/Qwen3.5-35B-A3B-Instant,multi-landmark,self_composite_instance_recognition,medium,0,,,,,,,
Qwen/Qwen3.5-35B-A3B-Instant,multi-landmark,self_composite_instance_recognition,hard,0,,,,,,,
Qwen/Qwen3.5-35B-A3B-Instant,multi-landmark,self_composite_instance_recognition,1,0,,,,,,,
Qwen/Qwen3.5-35B-A3B-Instant,multi-landmark,self_composite_instance_recognition,2-3,0,,,,,,,
Qwen/Qwen3.5-35B-A3B-Instant,multi-landmark,self_composite_instance_recognition,4-5,0,,,,,,,
Qwen/Qwen3.5-35B-A3B-Instant,multi-landmark,self_composite_instance_recognition,6+,0,,,,,,,
Qwen/Qwen3.5-35B-A3B-Instant,multi-landmark,self_atomic_instance_recognition,easy,0,,,,,,,
Qwen/Qwen3.5-35B-A3B-Instant,multi-landmark,self_atomic_instance_recognition,medium,0,,,,,,,
Qwen/Qwen3.5-35B-A3B-Instant,multi-landmark,self_atomic_instance_recognition,hard,0,,,,,,,
Qwen/Qwen3.5-35B-A3B-Instant,multi-landmark,self_atomic_instance_recognition,1,0,,,,,,,
Qwen/Qwen3.5-35B-A3B-Instant,multi-landmark,self_atomic_instance_recognition,2-3,0,,,,,,,
Qwen/Qwen3.5-35B-A3B-Instant,multi-landmark,self_atomic_instance_recognition,4-5,0,,,,,,,
Qwen/Qwen3.5-35B-A3B-Instant,multi-landmark,self_atomic_instance_recognition,6+,0,,,,,,,
Qwen/Qwen3.5-35B-A3B-Instant,multi-landmark,env_visibility_reasoning,easy,0,,,,,,,
Qwen/Qwen3.5-35B-A3B-Instant,multi-landmark,env_visibility_reasoning,medium,0,,,,,,,
Qwen/Qwen3.5-35B-A3B-Instant,multi-landmark,env_visibility_reasoning,hard,0,,,,,,,
Qwen/Qwen3.5-35B-A3B-Instant,multi-landmark,env_visibility_reasoning,1,0,,,,,,,
Qwen/Qwen3.5-35B-A3B-Instant,multi-landmark,env_visibility_reasoning,2-3,0,,,,,,,
Qwen/Qwen3.5-35B-A3B-Instant,multi-landmark,env_visibility_reasoning,4-5,0,,,,,,,
Qwen/Qwen3.5-35B-A3B-Instant,multi-landmark,env_visibility_reasoning,6+,0,,,,,,,
Qwen/Qwen3.5-397B-A17B-Instant,single-landmark,self_composite_instance_recognition,easy,63,0.1111111111111111,,,,,0.031746031746031744,0.04020500021148438
Qwen/Qwen3.5-397B-A17B-Instant,single-landmark,self_composite_instance_recognition,medium,451,0.04434589800443459,,,,,0.015521064301552107,0.020199876123138033
Qwen/Qwen3.5-397B-A17B-Instant,single-landmark,self_composite_instance_recognition,hard,6,0.0,,,,,0.0,0.0
Qwen/Qwen3.5-397B-A17B-Instant,single-landmark,self_composite_instance_recognition,1,0,,,,,,,
Qwen/Qwen3.5-397B-A17B-Instant,single-landmark,self_composite_instance_recognition,2-3,0,,,,,,,
Qwen/Qwen3.5-397B-A17B-Instant,single-landmark,self_composite_instance_recognition,4-5,0,,,,,,,
Qwen/Qwen3.5-397B-A17B-Instant,single-landmark,self_composite_instance_recognition,6+,0,,,,,,,
Qwen/Qwen3.5-397B-A17B-Instant,single-landmark,self_atomic_instance_recognition,easy,463,0.2879805481065873,,,,,0.3691735183664042,0.4236983677107875
Qwen/Qwen3.5-397B-A17B-Instant,single-landmark,self_atomic_instance_recognition,medium,549,0.21363683825832727,,,,,0.24555502966500764,0.1993088012203053
Qwen/Qwen3.5-397B-A17B-Instant,single-landmark,self_atomic_instance_recognition,hard,12,0.125,,,,,0.041666666666666664,0.0972238390358643
Qwen/Qwen3.5-397B-A17B-Instant,single-landmark,self_atomic_instance_recognition,1,0,,,,,,,
Qwen/Qwen3.5-397B-A17B-Instant,single-landmark,self_atomic_instance_recognition,2-3,0,,,,,,,
Qwen/Qwen3.5-397B-A17B-Instant,single-landmark,self_atomic_instance_recognition,4-5,0,,,,,,,
Qwen/Qwen3.5-397B-A17B-Instant,single-landmark,self_atomic_instance_recognition,6+,0,,,,,,,
Qwen/Qwen3.5-397B-A17B-Instant,single-landmark,env_visibility_reasoning,easy,463,0.4298056155507559,0.9935205183585313,0.2906255216778583,0.423246750357438,,,
Qwen/Qwen3.5-397B-A17B-Instant,single-landmark,env_visibility_reasoning,medium,549,0.39162112932604737,0.75591985428051,0.13596314977535975,0.23465981902693334,,,
Qwen/Qwen3.5-397B-A17B-Instant,single-landmark,env_visibility_reasoning,hard,12,0.0,0.0,0.011111111111111113,0.047925376944278335,,,
Qwen/Qwen3.5-397B-A17B-Instant,single-landmark,env_visibility_reasoning,1,0,,,,,,,
Qwen/Qwen3.5-397B-A17B-Instant,single-landmark,env_visibility_reasoning,2-3,0,,,,,,,
Qwen/Qwen3.5-397B-A17B-Instant,single-landmark,env_visibility_reasoning,4-5,0,,,,,,,
Qwen/Qwen3.5-397B-A17B-Instant,single-landmark,env_visibility_reasoning,6+,0,,,,,,,
Qwen/Qwen3.5-397B-A17B-Instant,multi-landmark,self_composite_instance_recognition,easy,0,,,,,,,
Qwen/Qwen3.5-397B-A17B-Instant,multi-landmark,self_composite_instance_recognition,medium,0,,,,,,,
Qwen/Qwen3.5-397B-A17B-Instant,multi-landmark,self_composite_instance_recognition,hard,0,,,,,,,
Qwen/Qwen3.5-397B-A17B-Instant,multi-landmark,self_composite_instance_recognition,1,0,,,,,,,
Qwen/Qwen3.5-397B-A17B-Instant,multi-landmark,self_composite_instance_recognition,2-3,0,,,,,,,
Qwen/Qwen3.5-397B-A17B-Instant,multi-landmark,self_composite_instance_recognition,4-5,0,,,,,,,
Qwen/Qwen3.5-397B-A17B-Instant,multi-landmark,self_composite_instance_recognition,6+,0,,,,,,,
Qwen/Qwen3.5-397B-A17B-Instant,multi-landmark,self_atomic_instance_recognition,easy,0,,,,,,,
Qwen/Qwen3.5-397B-A17B-Instant,multi-landmark,self_atomic_instance_recognition,medium,0,,,,,,,
Qwen/Qwen3.5-397B-A17B-Instant,multi-landmark,self_atomic_instance_recognition,hard,0,,,,,,,
Qwen/Qwen3.5-397B-A17B-Instant,multi-landmark,self_atomic_instance_recognition,1,0,,,,,,,
Qwen/Qwen3.5-397B-A17B-Instant,multi-landmark,self_atomic_instance_recognition,2-3,0,,,,,,,
Qwen/Qwen3.5-397B-A17B-Instant,multi-landmark,self_atomic_instance_recognition,4-5,0,,,,,,,
Qwen/Qwen3.5-397B-A17B-Instant,multi-landmark,self_atomic_instance_recognition,6+,0,,,,,,,
Qwen/Qwen3.5-397B-A17B-Instant,multi-landmark,env_visibility_reasoning,easy,0,,,,,,,
Qwen/Qwen3.5-397B-A17B-Instant,multi-landmark,env_visibility_reasoning,medium,0,,,,,,,
Qwen/Qwen3.5-397B-A17B-Instant,multi-landmark,env_visibility_reasoning,hard,0,,,,,,,
Qwen/Qwen3.5-397B-A17B-Instant,multi-landmark,env_visibility_reasoning,1,0,,,,,,,
Qwen/Qwen3.5-397B-A17B-Instant,multi-landmark,env_visibility_reasoning,2-3,0,,,,,,,
Qwen/Qwen3.5-397B-A17B-Instant,multi-landmark,env_visibility_reasoning,4-5,0,,,,,,,
Qwen/Qwen3.5-397B-A17B-Instant,multi-landmark,env_visibility_reasoning,6+,0,,,,,,,
Qwen/Qwen3.5-4B-Instant,single-landmark,self_composite_instance_recognition,easy,76,0.05263157894736842,,,,,0.02631578947368421,0.029726205997392438
Qwen/Qwen3.5-4B-Instant,single-landmark,self_composite_instance_recognition,medium,453,0.06622516556291391,,,,,0.011037527593818985,0.01210194902423623
Qwen/Qwen3.5-4B-Instant,single-landmark,self_composite_instance_recognition,hard,5,0.0,,,,,0.0,0.0
Qwen/Qwen3.5-4B-Instant,single-landmark,self_composite_instance_recognition,1,0,,,,,,,
Qwen/Qwen3.5-4B-Instant,single-landmark,self_composite_instance_recognition,2-3,0,,,,,,,
Qwen/Qwen3.5-4B-Instant,single-landmark,self_composite_instance_recognition,4-5,0,,,,,,,
Qwen/Qwen3.5-4B-Instant,single-landmark,self_composite_instance_recognition,6+,0,,,,,,,
Qwen/Qwen3.5-4B-Instant,single-landmark,self_atomic_instance_recognition,easy,463,0.16317583849490386,,,,,0.056838997184022744,0.05141310871494044
Qwen/Qwen3.5-4B-Instant,single-landmark,self_atomic_instance_recognition,medium,549,0.03225228651185349,,,,,0.006463364474998532,0.007515973925119971
Qwen/Qwen3.5-4B-Instant,single-landmark,self_atomic_instance_recognition,hard,12,0.21875000000000003,,,,,0.08333333333333333,0.0821287779237845
Qwen/Qwen3.5-4B-Instant,single-landmark,self_atomic_instance_recognition,1,0,,,,,,,
Qwen/Qwen3.5-4B-Instant,single-landmark,self_atomic_instance_recognition,2-3,0,,,,,,,
Qwen/Qwen3.5-4B-Instant,single-landmark,self_atomic_instance_recognition,4-5,0,,,,,,,
Qwen/Qwen3.5-4B-Instant,single-landmark,self_atomic_instance_recognition,6+,0,,,,,,,
Qwen/Qwen3.5-4B-Instant,single-landmark,env_visibility_reasoning,easy,463,0.08423326133909287,1.0,0.448397892654569,0.6332593637707514,,,
Qwen/Qwen3.5-4B-Instant,single-landmark,env_visibility_reasoning,medium,549,0.5610200364298725,0.8178506375227687,0.44846222776193534,0.4346635670579051,,,
Qwen/Qwen3.5-4B-Instant,single-landmark,env_visibility_reasoning,hard,12,0.0,0.0,0.00980392156862745,0.042369118584375566,,,
Qwen/Qwen3.5-4B-Instant,single-landmark,env_visibility_reasoning,1,0,,,,,,,
Qwen/Qwen3.5-4B-Instant,single-landmark,env_visibility_reasoning,2-3,0,,,,,,,
Qwen/Qwen3.5-4B-Instant,single-landmark,env_visibility_reasoning,4-5,0,,,,,,,
Qwen/Qwen3.5-4B-Instant,single-landmark,env_visibility_reasoning,6+,0,,,,,,,
Qwen/Qwen3.5-4B-Instant,multi-landmark,self_composite_instance_recognition,easy,0,,,,,,,
Qwen/Qwen3.5-4B-Instant,multi-landmark,self_composite_instance_recognition,medium,0,,,,,,,
Qwen/Qwen3.5-4B-Instant,multi-landmark,self_composite_instance_recognition,hard,0,,,,,,,
Qwen/Qwen3.5-4B-Instant,multi-landmark,self_composite_instance_recognition,1,0,,,,,,,
Qwen/Qwen3.5-4B-Instant,multi-landmark,self_composite_instance_recognition,2-3,0,,,,,,,
Qwen/Qwen3.5-4B-Instant,multi-landmark,self_composite_instance_recognition,4-5,0,,,,,,,
Qwen/Qwen3.5-4B-Instant,multi-landmark,self_composite_instance_recognition,6+,0,,,,,,,
Qwen/Qwen3.5-4B-Instant,multi-landmark,self_atomic_instance_recognition,easy,0,,,,,,,
Qwen/Qwen3.5-4B-Instant,multi-landmark,self_atomic_instance_recognition,medium,0,,,,,,,
Qwen/Qwen3.5-4B-Instant,multi-landmark,self_atomic_instance_recognition,hard,0,,,,,,,
Qwen/Qwen3.5-4B-Instant,multi-landmark,self_atomic_instance_recognition,1,0,,,,,,,
Qwen/Qwen3.5-4B-Instant,multi-landmark,self_atomic_instance_recognition,2-3,0,,,,,,,
Qwen/Qwen3.5-4B-Instant,multi-landmark,self_atomic_instance_recognition,4-5,0,,,,,,,
Qwen/Qwen3.5-4B-Instant,multi-landmark,self_atomic_instance_recognition,6+,0,,,,,,,
Qwen/Qwen3.5-4B-Instant,multi-landmark,env_visibility_reasoning,easy,0,,,,,,,
Qwen/Qwen3.5-4B-Instant,multi-landmark,env_visibility_reasoning,medium,0,,,,,,,
Qwen/Qwen3.5-4B-Instant,multi-landmark,env_visibility_reasoning,hard,0,,,,,,,
Qwen/Qwen3.5-4B-Instant,multi-landmark,env_visibility_reasoning,1,0,,,,,,,
Qwen/Qwen3.5-4B-Instant,multi-landmark,env_visibility_reasoning,2-3,0,,,,,,,
Qwen/Qwen3.5-4B-Instant,multi-landmark,env_visibility_reasoning,4-5,0,,,,,,,
Qwen/Qwen3.5-4B-Instant,multi-landmark,env_visibility_reasoning,6+,0,,,,,,,
Qwen/Qwen3.5-9B-Instant,single-landmark,self_composite_instance_recognition,easy,80,0.05,,,,,0.0375,0.06081512238970938
Qwen/Qwen3.5-9B-Instant,single-landmark,self_composite_instance_recognition,medium,461,0.10845986984815618,,,,,0.11387253382914987,0.12039888112534256
Qwen/Qwen3.5-9B-Instant,single-landmark,self_composite_instance_recognition,hard,6,0.0,,,,,0.0,0.0
Qwen/Qwen3.5-9B-Instant,single-landmark,self_composite_instance_recognition,1,0,,,,,,,
Qwen/Qwen3.5-9B-Instant,single-landmark,self_composite_instance_recognition,2-3,0,,,,,,,
Qwen/Qwen3.5-9B-Instant,single-landmark,self_composite_instance_recognition,4-5,0,,,,,,,
Qwen/Qwen3.5-9B-Instant,single-landmark,self_composite_instance_recognition,6+,0,,,,,,,
Qwen/Qwen3.5-9B-Instant,single-landmark,self_atomic_instance_recognition,easy,463,0.32740042343513237,,,,,0.8398572815523503,0.7694167832778216
Qwen/Qwen3.5-9B-Instant,single-landmark,self_atomic_instance_recognition,medium,549,0.22915304582253757,,,,,0.3213376793943665,0.2956598130841244
Qwen/Qwen3.5-9B-Instant,single-landmark,self_atomic_instance_recognition,hard,12,0.08333333333333333,,,,,0.6122448979591836,0.5463801070561941
Qwen/Qwen3.5-9B-Instant,single-landmark,self_atomic_instance_recognition,1,0,,,,,,,
Qwen/Qwen3.5-9B-Instant,single-landmark,self_atomic_instance_recognition,2-3,0,,,,,,,
Qwen/Qwen3.5-9B-Instant,single-landmark,self_atomic_instance_recognition,4-5,0,,,,,,,
Qwen/Qwen3.5-9B-Instant,single-landmark,self_atomic_instance_recognition,6+,0,,,,,,,
Qwen/Qwen3.5-9B-Instant,single-landmark,env_visibility_reasoning,easy,463,0.5118790496760259,0.9935205183585313,0.38735169679576315,0.4475002245309629,,,
Qwen/Qwen3.5-9B-Instant,single-landmark,env_visibility_reasoning,medium,549,0.5136612021857924,0.8087431693989071,0.29860007775663266,0.3075022691609035,,,
Qwen/Qwen3.5-9B-Instant,single-landmark,env_visibility_reasoning,hard,12,0.0,0.0,0.020964360587002098,0.05899979247447303,,,
Qwen/Qwen3.5-9B-Instant,single-landmark,env_visibility_reasoning,1,0,,,,,,,
Qwen/Qwen3.5-9B-Instant,single-landmark,env_visibility_reasoning,2-3,0,,,,,,,
Qwen/Qwen3.5-9B-Instant,single-landmark,env_visibility_reasoning,4-5,0,,,,,,,
Qwen/Qwen3.5-9B-Instant,single-landmark,env_visibility_reasoning,6+,0,,,,,,,
Qwen/Qwen3.5-9B-Instant,multi-landmark,self_composite_instance_recognition,easy,0,,,,,,,
Qwen/Qwen3.5-9B-Instant,multi-landmark,self_composite_instance_recognition,medium,0,,,,,,,
Qwen/Qwen3.5-9B-Instant,multi-landmark,self_composite_instance_recognition,hard,0,,,,,,,
Qwen/Qwen3.5-9B-Instant,multi-landmark,self_composite_instance_recognition,1,0,,,,,,,
Qwen/Qwen3.5-9B-Instant,multi-landmark,self_composite_instance_recognition,2-3,0,,,,,,,
Qwen/Qwen3.5-9B-Instant,multi-landmark,self_composite_instance_recognition,4-5,0,,,,,,,
Qwen/Qwen3.5-9B-Instant,multi-landmark,self_composite_instance_recognition,6+,0,,,,,,,
Qwen/Qwen3.5-9B-Instant,multi-landmark,self_atomic_instance_recognition,easy,0,,,,,,,
Qwen/Qwen3.5-9B-Instant,multi-landmark,self_atomic_instance_recognition,medium,0,,,,,,,
Qwen/Qwen3.5-9B-Instant,multi-landmark,self_atomic_instance_recognition,hard,0,,,,,,,
Qwen/Qwen3.5-9B-Instant,multi-landmark,self_atomic_instance_recognition,1,0,,,,,,,
Qwen/Qwen3.5-9B-Instant,multi-landmark,self_atomic_instance_recognition,2-3,0,,,,,,,
Qwen/Qwen3.5-9B-Instant,multi-landmark,self_atomic_instance_recognition,4-5,0,,,,,,,
Qwen/Qwen3.5-9B-Instant,multi-landmark,self_atomic_instance_recognition,6+,0,,,,,,,
Qwen/Qwen3.5-9B-Instant,multi-landmark,env_visibility_reasoning,easy,0,,,,,,,
Qwen/Qwen3.5-9B-Instant,multi-landmark,env_visibility_reasoning,medium,0,,,,,,,
Qwen/Qwen3.5-9B-Instant,multi-landmark,env_visibility_reasoning,hard,0,,,,,,,
Qwen/Qwen3.5-9B-Instant,multi-landmark,env_visibility_reasoning,1,0,,,,,,,
Qwen/Qwen3.5-9B-Instant,multi-landmark,env_visibility_reasoning,2-3,0,,,,,,,
Qwen/Qwen3.5-9B-Instant,multi-landmark,env_visibility_reasoning,4-5,0,,,,,,,
Qwen/Qwen3.5-9B-Instant,multi-landmark,env_visibility_reasoning,6+,0,,,,,,,
SpaceOm-Instant,single-landmark,self_composite_instance_recognition,easy,122,0.11475409836065574,,,,,0.0,0.028335774349437015
SpaceOm-Instant,single-landmark,self_composite_instance_recognition,medium,472,0.3919491525423729,,,,,0.0,0.03289685908028718
SpaceOm-Instant,single-landmark,self_composite_instance_recognition,hard,5,0.0,,,,,0.0,0.0
SpaceOm-Instant,single-landmark,self_composite_instance_recognition,1,0,,,,,,,
SpaceOm-Instant,single-landmark,self_composite_instance_recognition,2-3,0,,,,,,,
SpaceOm-Instant,single-landmark,self_composite_instance_recognition,4-5,0,,,,,,,
SpaceOm-Instant,single-landmark,self_composite_instance_recognition,6+,0,,,,,,,
SpaceOm-Instant,single-landmark,self_atomic_instance_recognition,easy,463,0.1914278412251382,,,,,0.17923963673267582,0.194592521524035
SpaceOm-Instant,single-landmark,self_atomic_instance_recognition,medium,549,0.33667176840067425,,,,,0.16014438473852766,0.09551033443142007
SpaceOm-Instant,single-landmark,self_atomic_instance_recognition,hard,12,0.26515151515151514,,,,,0.03333333333333333,0.05559249169394281
SpaceOm-Instant,single-landmark,self_atomic_instance_recognition,1,0,,,,,,,
SpaceOm-Instant,single-landmark,self_atomic_instance_recognition,2-3,0,,,,,,,
SpaceOm-Instant,single-landmark,self_atomic_instance_recognition,4-5,0,,,,,,,
SpaceOm-Instant,single-landmark,self_atomic_instance_recognition,6+,0,,,,,,,
SpaceOm-Instant,single-landmark,env_visibility_reasoning,easy,463,0.04319654427645788,1.0,0.2713836369026307,0.46008344391222383,,,
SpaceOm-Instant,single-landmark,env_visibility_reasoning,medium,549,0.5664845173041895,0.8269581056466302,0.08749367299235235,0.24874477648752358,,,
SpaceOm-Instant,single-landmark,env_visibility_reasoning,hard,12,0.0,0.0,0.040673391271974224,0.0763018363085705,,,
SpaceOm-Instant,single-landmark,env_visibility_reasoning,1,0,,,,,,,
SpaceOm-Instant,single-landmark,env_visibility_reasoning,2-3,0,,,,,,,
SpaceOm-Instant,single-landmark,env_visibility_reasoning,4-5,0,,,,,,,
SpaceOm-Instant,single-landmark,env_visibility_reasoning,6+,0,,,,,,,
SpaceOm-Instant,multi-landmark,self_composite_instance_recognition,easy,0,,,,,,,
SpaceOm-Instant,multi-landmark,self_composite_instance_recognition,medium,0,,,,,,,
SpaceOm-Instant,multi-landmark,self_composite_instance_recognition,hard,0,,,,,,,
SpaceOm-Instant,multi-landmark,self_composite_instance_recognition,1,0,,,,,,,
SpaceOm-Instant,multi-landmark,self_composite_instance_recognition,2-3,0,,,,,,,
SpaceOm-Instant,multi-landmark,self_composite_instance_recognition,4-5,0,,,,,,,
SpaceOm-Instant,multi-landmark,self_composite_instance_recognition,6+,0,,,,,,,
SpaceOm-Instant,multi-landmark,self_atomic_instance_recognition,easy,0,,,,,,,
SpaceOm-Instant,multi-landmark,self_atomic_instance_recognition,medium,0,,,,,,,
SpaceOm-Instant,multi-landmark,self_atomic_instance_recognition,hard,0,,,,,,,
SpaceOm-Instant,multi-landmark,self_atomic_instance_recognition,1,0,,,,,,,
SpaceOm-Instant,multi-landmark,self_atomic_instance_recognition,2-3,0,,,,,,,
SpaceOm-Instant,multi-landmark,self_atomic_instance_recognition,4-5,0,,,,,,,
SpaceOm-Instant,multi-landmark,self_atomic_instance_recognition,6+,0,,,,,,,
SpaceOm-Instant,multi-landmark,env_visibility_reasoning,easy,0,,,,,,,
SpaceOm-Instant,multi-landmark,env_visibility_reasoning,medium,0,,,,,,,
SpaceOm-Instant,multi-landmark,env_visibility_reasoning,hard,0,,,,,,,
SpaceOm-Instant,multi-landmark,env_visibility_reasoning,1,0,,,,,,,
SpaceOm-Instant,multi-landmark,env_visibility_reasoning,2-3,0,,,,,,,
SpaceOm-Instant,multi-landmark,env_visibility_reasoning,4-5,0,,,,,,,
SpaceOm-Instant,multi-landmark,env_visibility_reasoning,6+,0,,,,,,,
SpaceR-Instant,single-landmark,self_composite_instance_recognition,easy,144,0.125,,,,,0.0,0.03466027055125281
SpaceR-Instant,single-landmark,self_composite_instance_recognition,medium,480,0.27291666666666664,,,,,0.0,0.023341693587921312
SpaceR-Instant,single-landmark,self_composite_instance_recognition,hard,6,0.3333333333333333,,,,,0.0,0.017571820799571418
SpaceR-Instant,single-landmark,self_composite_instance_recognition,1,0,,,,,,,
SpaceR-Instant,single-landmark,self_composite_instance_recognition,2-3,0,,,,,,,
SpaceR-Instant,single-landmark,self_composite_instance_recognition,4-5,0,,,,,,,
SpaceR-Instant,single-landmark,self_composite_instance_recognition,6+,0,,,,,,,
SpaceR-Instant,single-landmark,self_atomic_instance_recognition,easy,463,0.2251764059752063,,,,,0.1736984022644648,0.19265241037720393
SpaceR-Instant,single-landmark,self_atomic_instance_recognition,medium,549,0.2916661342737521,,,,,0.13763632999869138,0.09624293896930293
SpaceR-Instant,single-landmark,self_atomic_instance_recognition,hard,12,0.4460784313725491,,,,,0.041666666666666664,0.05474240727885219
SpaceR-Instant,single-landmark,self_atomic_instance_recognition,1,0,,,,,,,
SpaceR-Instant,single-landmark,self_atomic_instance_recognition,2-3,0,,,,,,,
SpaceR-Instant,single-landmark,self_atomic_instance_recognition,4-5,0,,,,,,,
SpaceR-Instant,single-landmark,self_atomic_instance_recognition,6+,0,,,,,,,
SpaceR-Instant,single-landmark,env_visibility_reasoning,easy,463,0.06911447084233262,1.0,0.22216982466730173,0.39205838708012924,,,
SpaceR-Instant,single-landmark,env_visibility_reasoning,medium,549,0.5701275045537341,0.8142076502732241,0.10517407841809741,0.2414517937189748,,,
SpaceR-Instant,single-landmark,env_visibility_reasoning,hard,12,0.0,0.0,0.032617671345995046,0.07011427180393053,,,
SpaceR-Instant,single-landmark,env_visibility_reasoning,1,0,,,,,,,
SpaceR-Instant,single-landmark,env_visibility_reasoning,2-3,0,,,,,,,
SpaceR-Instant,single-landmark,env_visibility_reasoning,4-5,0,,,,,,,
SpaceR-Instant,single-landmark,env_visibility_reasoning,6+,0,,,,,,,
SpaceR-Instant,multi-landmark,self_composite_instance_recognition,easy,0,,,,,,,
SpaceR-Instant,multi-landmark,self_composite_instance_recognition,medium,0,,,,,,,
SpaceR-Instant,multi-landmark,self_composite_instance_recognition,hard,0,,,,,,,
SpaceR-Instant,multi-landmark,self_composite_instance_recognition,1,0,,,,,,,
SpaceR-Instant,multi-landmark,self_composite_instance_recognition,2-3,0,,,,,,,
SpaceR-Instant,multi-landmark,self_composite_instance_recognition,4-5,0,,,,,,,
SpaceR-Instant,multi-landmark,self_composite_instance_recognition,6+,0,,,,,,,
SpaceR-Instant,multi-landmark,self_atomic_instance_recognition,easy,0,,,,,,,
SpaceR-Instant,multi-landmark,self_atomic_instance_recognition,medium,0,,,,,,,
SpaceR-Instant,multi-landmark,self_atomic_instance_recognition,hard,0,,,,,,,
SpaceR-Instant,multi-landmark,self_atomic_instance_recognition,1,0,,,,,,,
SpaceR-Instant,multi-landmark,self_atomic_instance_recognition,2-3,0,,,,,,,
SpaceR-Instant,multi-landmark,self_atomic_instance_recognition,4-5,0,,,,,,,
SpaceR-Instant,multi-landmark,self_atomic_instance_recognition,6+,0,,,,,,,
SpaceR-Instant,multi-landmark,env_visibility_reasoning,easy,0,,,,,,,
SpaceR-Instant,multi-landmark,env_visibility_reasoning,medium,0,,,,,,,
SpaceR-Instant,multi-landmark,env_visibility_reasoning,hard,0,,,,,,,
SpaceR-Instant,multi-landmark,env_visibility_reasoning,1,0,,,,,,,
SpaceR-Instant,multi-landmark,env_visibility_reasoning,2-3,0,,,,,,,
SpaceR-Instant,multi-landmark,env_visibility_reasoning,4-5,0,,,,,,,
SpaceR-Instant,multi-landmark,env_visibility_reasoning,6+,0,,,,,,,
SpaceThinker-Instant,single-landmark,self_composite_instance_recognition,easy,94,0.07446808510638298,,,,,0.0,0.01544262625029309
SpaceThinker-Instant,single-landmark,self_composite_instance_recognition,medium,460,0.21521739130434783,,,,,0.0,0.016427142458962117
SpaceThinker-Instant,single-landmark,self_composite_instance_recognition,hard,5,0.0,,,,,0.0,0.0
SpaceThinker-Instant,single-landmark,self_composite_instance_recognition,1,0,,,,,,,
SpaceThinker-Instant,single-landmark,self_composite_instance_recognition,2-3,0,,,,,,,
SpaceThinker-Instant,single-landmark,self_composite_instance_recognition,4-5,0,,,,,,,
SpaceThinker-Instant,single-landmark,self_composite_instance_recognition,6+,0,,,,,,,
SpaceThinker-Instant,single-landmark,self_atomic_instance_recognition,easy,463,0.19021725320797864,,,,,0.18272712481376677,0.20006977015748423
SpaceThinker-Instant,single-landmark,self_atomic_instance_recognition,medium,549,0.24973437380040583,,,,,0.18337078105464327,0.09332307973737683
SpaceThinker-Instant,single-landmark,self_atomic_instance_recognition,hard,12,0.3125,,,,,0.041666666666666664,0.06719722630109871
SpaceThinker-Instant,single-landmark,self_atomic_instance_recognition,1,0,,,,,,,
SpaceThinker-Instant,single-landmark,self_atomic_instance_recognition,2-3,0,,,,,,,
SpaceThinker-Instant,single-landmark,self_atomic_instance_recognition,4-5,0,,,,,,,
SpaceThinker-Instant,single-landmark,self_atomic_instance_recognition,6+,0,,,,,,,
SpaceThinker-Instant,single-landmark,env_visibility_reasoning,easy,463,0.1490280777537797,0.9006479481641468,0.2065778399699855,0.35969232590207684,,,
SpaceThinker-Instant,single-landmark,env_visibility_reasoning,medium,549,0.5027322404371585,0.7704918032786885,0.0790447589783755,0.20043784611030005,,,
SpaceThinker-Instant,single-landmark,env_visibility_reasoning,hard,12,0.0,0.0,0.05228867990535425,0.06506463758206972,,,
SpaceThinker-Instant,single-landmark,env_visibility_reasoning,1,0,,,,,,,
SpaceThinker-Instant,single-landmark,env_visibility_reasoning,2-3,0,,,,,,,
SpaceThinker-Instant,single-landmark,env_visibility_reasoning,4-5,0,,,,,,,
SpaceThinker-Instant,single-landmark,env_visibility_reasoning,6+,0,,,,,,,
SpaceThinker-Instant,multi-landmark,self_composite_instance_recognition,easy,0,,,,,,,
SpaceThinker-Instant,multi-landmark,self_composite_instance_recognition,medium,0,,,,,,,
SpaceThinker-Instant,multi-landmark,self_composite_instance_recognition,hard,0,,,,,,,
SpaceThinker-Instant,multi-landmark,self_composite_instance_recognition,1,0,,,,,,,
SpaceThinker-Instant,multi-landmark,self_composite_instance_recognition,2-3,0,,,,,,,
SpaceThinker-Instant,multi-landmark,self_composite_instance_recognition,4-5,0,,,,,,,
SpaceThinker-Instant,multi-landmark,self_composite_instance_recognition,6+,0,,,,,,,
SpaceThinker-Instant,multi-landmark,self_atomic_instance_recognition,easy,0,,,,,,,
SpaceThinker-Instant,multi-landmark,self_atomic_instance_recognition,medium,0,,,,,,,
SpaceThinker-Instant,multi-landmark,self_atomic_instance_recognition,hard,0,,,,,,,
SpaceThinker-Instant,multi-landmark,self_atomic_instance_recognition,1,0,,,,,,,
SpaceThinker-Instant,multi-landmark,self_atomic_instance_recognition,2-3,0,,,,,,,
SpaceThinker-Instant,multi-landmark,self_atomic_instance_recognition,4-5,0,,,,,,,
SpaceThinker-Instant,multi-landmark,self_atomic_instance_recognition,6+,0,,,,,,,
SpaceThinker-Instant,multi-landmark,env_visibility_reasoning,easy,0,,,,,,,
SpaceThinker-Instant,multi-landmark,env_visibility_reasoning,medium,0,,,,,,,
SpaceThinker-Instant,multi-landmark,env_visibility_reasoning,hard,0,,,,,,,
SpaceThinker-Instant,multi-landmark,env_visibility_reasoning,1,0,,,,,,,
SpaceThinker-Instant,multi-landmark,env_visibility_reasoning,2-3,0,,,,,,,
SpaceThinker-Instant,multi-landmark,env_visibility_reasoning,4-5,0,,,,,,,
SpaceThinker-Instant,multi-landmark,env_visibility_reasoning,6+,0,,,,,,,
VST-7B-RL-Instant,single-landmark,self_composite_instance_recognition,easy,59,0.0,,,,,0.0,0.0
VST-7B-RL-Instant,single-landmark,self_composite_instance_recognition,medium,448,0.0,,,,,0.0,0.0
VST-7B-RL-Instant,single-landmark,self_composite_instance_recognition,hard,5,0.0,,,,,0.0,0.0
VST-7B-RL-Instant,single-landmark,self_composite_instance_recognition,1,0,,,,,,,
VST-7B-RL-Instant,single-landmark,self_composite_instance_recognition,2-3,0,,,,,,,
VST-7B-RL-Instant,single-landmark,self_composite_instance_recognition,4-5,0,,,,,,,
VST-7B-RL-Instant,single-landmark,self_composite_instance_recognition,6+,0,,,,,,,
VST-7B-RL-Instant,single-landmark,self_atomic_instance_recognition,easy,463,0.0,,,,,0.0,0.0
VST-7B-RL-Instant,single-landmark,self_atomic_instance_recognition,medium,549,0.0,,,,,0.0,0.0
VST-7B-RL-Instant,single-landmark,self_atomic_instance_recognition,hard,12,0.0,,,,,0.0,0.0
VST-7B-RL-Instant,single-landmark,self_atomic_instance_recognition,1,0,,,,,,,
VST-7B-RL-Instant,single-landmark,self_atomic_instance_recognition,2-3,0,,,,,,,
VST-7B-RL-Instant,single-landmark,self_atomic_instance_recognition,4-5,0,,,,,,,
VST-7B-RL-Instant,single-landmark,self_atomic_instance_recognition,6+,0,,,,,,,
VST-7B-RL-Instant,single-landmark,env_visibility_reasoning,easy,463,0.16630669546436286,0.5701943844492441,0.0,0.0,,,
VST-7B-RL-Instant,single-landmark,env_visibility_reasoning,medium,549,0.28415300546448086,0.4936247723132969,0.0,0.0,,,
VST-7B-RL-Instant,single-landmark,env_visibility_reasoning,hard,12,0.0,0.0,0.0,0.0,,,
VST-7B-RL-Instant,single-landmark,env_visibility_reasoning,1,0,,,,,,,
VST-7B-RL-Instant,single-landmark,env_visibility_reasoning,2-3,0,,,,,,,
VST-7B-RL-Instant,single-landmark,env_visibility_reasoning,4-5,0,,,,,,,
VST-7B-RL-Instant,single-landmark,env_visibility_reasoning,6+,0,,,,,,,
VST-7B-RL-Instant,multi-landmark,self_composite_instance_recognition,easy,0,,,,,,,
VST-7B-RL-Instant,multi-landmark,self_composite_instance_recognition,medium,0,,,,,,,
VST-7B-RL-Instant,multi-landmark,self_composite_instance_recognition,hard,0,,,,,,,
VST-7B-RL-Instant,multi-landmark,self_composite_instance_recognition,1,0,,,,,,,
VST-7B-RL-Instant,multi-landmark,self_composite_instance_recognition,2-3,0,,,,,,,
VST-7B-RL-Instant,multi-landmark,self_composite_instance_recognition,4-5,0,,,,,,,
VST-7B-RL-Instant,multi-landmark,self_composite_instance_recognition,6+,0,,,,,,,
VST-7B-RL-Instant,multi-landmark,self_atomic_instance_recognition,easy,0,,,,,,,
VST-7B-RL-Instant,multi-landmark,self_atomic_instance_recognition,medium,0,,,,,,,
VST-7B-RL-Instant,multi-landmark,self_atomic_instance_recognition,hard,0,,,,,,,
VST-7B-RL-Instant,multi-landmark,self_atomic_instance_recognition,1,0,,,,,,,
VST-7B-RL-Instant,multi-landmark,self_atomic_instance_recognition,2-3,0,,,,,,,
VST-7B-RL-Instant,multi-landmark,self_atomic_instance_recognition,4-5,0,,,,,,,
VST-7B-RL-Instant,multi-landmark,self_atomic_instance_recognition,6+,0,,,,,,,
VST-7B-RL-Instant,multi-landmark,env_visibility_reasoning,easy,0,,,,,,,
VST-7B-RL-Instant,multi-landmark,env_visibility_reasoning,medium,0,,,,,,,
VST-7B-RL-Instant,multi-landmark,env_visibility_reasoning,hard,0,,,,,,,
VST-7B-RL-Instant,multi-landmark,env_visibility_reasoning,1,0,,,,,,,
VST-7B-RL-Instant,multi-landmark,env_visibility_reasoning,2-3,0,,,,,,,
VST-7B-RL-Instant,multi-landmark,env_visibility_reasoning,4-5,0,,,,,,,
VST-7B-RL-Instant,multi-landmark,env_visibility_reasoning,6+,0,,,,,,,
VST-7B-SFT-Instant,single-landmark,self_composite_instance_recognition,easy,59,0.0,,,,,0.0,0.0
VST-7B-SFT-Instant,single-landmark,self_composite_instance_recognition,medium,448,0.0,,,,,0.0,0.0
VST-7B-SFT-Instant,single-landmark,self_composite_instance_recognition,hard,5,0.0,,,,,0.0,0.0
VST-7B-SFT-Instant,single-landmark,self_composite_instance_recognition,1,0,,,,,,,
VST-7B-SFT-Instant,single-landmark,self_composite_instance_recognition,2-3,0,,,,,,,
VST-7B-SFT-Instant,single-landmark,self_composite_instance_recognition,4-5,0,,,,,,,
VST-7B-SFT-Instant,single-landmark,self_composite_instance_recognition,6+,0,,,,,,,
VST-7B-SFT-Instant,single-landmark,self_atomic_instance_recognition,easy,463,0.0,,,,,0.0,0.0
VST-7B-SFT-Instant,single-landmark,self_atomic_instance_recognition,medium,549,0.0,,,,,0.0,0.0
VST-7B-SFT-Instant,single-landmark,self_atomic_instance_recognition,hard,12,0.0,,,,,0.0,0.0
VST-7B-SFT-Instant,single-landmark,self_atomic_instance_recognition,1,0,,,,,,,
VST-7B-SFT-Instant,single-landmark,self_atomic_instance_recognition,2-3,0,,,,,,,
VST-7B-SFT-Instant,single-landmark,self_atomic_instance_recognition,4-5,0,,,,,,,
VST-7B-SFT-Instant,single-landmark,self_atomic_instance_recognition,6+,0,,,,,,,
VST-7B-SFT-Instant,single-landmark,env_visibility_reasoning,easy,463,0.19438444924406048,0.7041036717062635,0.04831778406181114,0.11045370706951135,,,
VST-7B-SFT-Instant,single-landmark,env_visibility_reasoning,medium,549,0.273224043715847,0.5482695810564663,0.035081739999772786,0.057808614593382046,,,
VST-7B-SFT-Instant,single-landmark,env_visibility_reasoning,hard,12,0.0,0.0,0.005747126436781609,0.017556010727520718,,,
VST-7B-SFT-Instant,single-landmark,env_visibility_reasoning,1,0,,,,,,,
VST-7B-SFT-Instant,single-landmark,env_visibility_reasoning,2-3,0,,,,,,,
VST-7B-SFT-Instant,single-landmark,env_visibility_reasoning,4-5,0,,,,,,,
VST-7B-SFT-Instant,single-landmark,env_visibility_reasoning,6+,0,,,,,,,
VST-7B-SFT-Instant,multi-landmark,self_composite_instance_recognition,easy,0,,,,,,,
VST-7B-SFT-Instant,multi-landmark,self_composite_instance_recognition,medium,0,,,,,,,
VST-7B-SFT-Instant,multi-landmark,self_composite_instance_recognition,hard,0,,,,,,,
VST-7B-SFT-Instant,multi-landmark,self_composite_instance_recognition,1,0,,,,,,,
VST-7B-SFT-Instant,multi-landmark,self_composite_instance_recognition,2-3,0,,,,,,,
VST-7B-SFT-Instant,multi-landmark,self_composite_instance_recognition,4-5,0,,,,,,,
VST-7B-SFT-Instant,multi-landmark,self_composite_instance_recognition,6+,0,,,,,,,
VST-7B-SFT-Instant,multi-landmark,self_atomic_instance_recognition,easy,0,,,,,,,
VST-7B-SFT-Instant,multi-landmark,self_atomic_instance_recognition,medium,0,,,,,,,
VST-7B-SFT-Instant,multi-landmark,self_atomic_instance_recognition,hard,0,,,,,,,
VST-7B-SFT-Instant,multi-landmark,self_atomic_instance_recognition,1,0,,,,,,,
VST-7B-SFT-Instant,multi-landmark,self_atomic_instance_recognition,2-3,0,,,,,,,
VST-7B-SFT-Instant,multi-landmark,self_atomic_instance_recognition,4-5,0,,,,,,,
VST-7B-SFT-Instant,multi-landmark,self_atomic_instance_recognition,6+,0,,,,,,,
VST-7B-SFT-Instant,multi-landmark,env_visibility_reasoning,easy,0,,,,,,,
VST-7B-SFT-Instant,multi-landmark,env_visibility_reasoning,medium,0,,,,,,,
VST-7B-SFT-Instant,multi-landmark,env_visibility_reasoning,hard,0,,,,,,,
VST-7B-SFT-Instant,multi-landmark,env_visibility_reasoning,1,0,,,,,,,
VST-7B-SFT-Instant,multi-landmark,env_visibility_reasoning,2-3,0,,,,,,,
VST-7B-SFT-Instant,multi-landmark,env_visibility_reasoning,4-5,0,,,,,,,
VST-7B-SFT-Instant,multi-landmark,env_visibility_reasoning,6+,0,,,,,,,
ViLaSR-Instant,single-landmark,self_composite_instance_recognition,easy,187,0.026737967914438502,,,,,0.0,0.012334428945210398
ViLaSR-Instant,single-landmark,self_composite_instance_recognition,medium,479,0.05845511482254697,,,,,0.0,0.005610763092933097
ViLaSR-Instant,single-landmark,self_composite_instance_recognition,hard,8,0.375,,,,,0.0,0.034365551399296396
ViLaSR-Instant,single-landmark,self_composite_instance_recognition,1,0,,,,,,,
ViLaSR-Instant,single-landmark,self_composite_instance_recognition,2-3,0,,,,,,,
ViLaSR-Instant,single-landmark,self_composite_instance_recognition,4-5,0,,,,,,,
ViLaSR-Instant,single-landmark,self_composite_instance_recognition,6+,0,,,,,,,
ViLaSR-Instant,single-landmark,self_atomic_instance_recognition,easy,463,0.15340828808461676,,,,,0.06659612979949459,0.10200394146779154
ViLaSR-Instant,single-landmark,self_atomic_instance_recognition,medium,549,0.0475998100543613,,,,,0.0072100789313904075,0.01825776645419834
ViLaSR-Instant,single-landmark,self_atomic_instance_recognition,hard,12,0.16666666666666666,,,,,0.0,0.024634698962495122
ViLaSR-Instant,single-landmark,self_atomic_instance_recognition,1,0,,,,,,,
ViLaSR-Instant,single-landmark,self_atomic_instance_recognition,2-3,0,,,,,,,
ViLaSR-Instant,single-landmark,self_atomic_instance_recognition,4-5,0,,,,,,,
ViLaSR-Instant,single-landmark,self_atomic_instance_recognition,6+,0,,,,,,,
ViLaSR-Instant,single-landmark,env_visibility_reasoning,easy,463,0.2958963282937365,0.9978401727861771,0.15334094027194806,0.2782686080462026,,,
ViLaSR-Instant,single-landmark,env_visibility_reasoning,medium,549,0.4207650273224044,0.7887067395264117,0.0591502363412184,0.14906589191805963,,,
ViLaSR-Instant,single-landmark,env_visibility_reasoning,hard,12,0.0,0.0,0.0,0.02371833927309411,,,
ViLaSR-Instant,single-landmark,env_visibility_reasoning,1,0,,,,,,,
ViLaSR-Instant,single-landmark,env_visibility_reasoning,2-3,0,,,,,,,
ViLaSR-Instant,single-landmark,env_visibility_reasoning,4-5,0,,,,,,,
ViLaSR-Instant,single-landmark,env_visibility_reasoning,6+,0,,,,,,,
ViLaSR-Instant,multi-landmark,self_composite_instance_recognition,easy,0,,,,,,,
ViLaSR-Instant,multi-landmark,self_composite_instance_recognition,medium,0,,,,,,,
ViLaSR-Instant,multi-landmark,self_composite_instance_recognition,hard,0,,,,,,,
ViLaSR-Instant,multi-landmark,self_composite_instance_recognition,1,0,,,,,,,
ViLaSR-Instant,multi-landmark,self_composite_instance_recognition,2-3,0,,,,,,,
ViLaSR-Instant,multi-landmark,self_composite_instance_recognition,4-5,0,,,,,,,
ViLaSR-Instant,multi-landmark,self_composite_instance_recognition,6+,0,,,,,,,
ViLaSR-Instant,multi-landmark,self_atomic_instance_recognition,easy,0,,,,,,,
ViLaSR-Instant,multi-landmark,self_atomic_instance_recognition,medium,0,,,,,,,
ViLaSR-Instant,multi-landmark,self_atomic_instance_recognition,hard,0,,,,,,,
ViLaSR-Instant,multi-landmark,self_atomic_instance_recognition,1,0,,,,,,,
ViLaSR-Instant,multi-landmark,self_atomic_instance_recognition,2-3,0,,,,,,,
ViLaSR-Instant,multi-landmark,self_atomic_instance_recognition,4-5,0,,,,,,,
ViLaSR-Instant,multi-landmark,self_atomic_instance_recognition,6+,0,,,,,,,
ViLaSR-Instant,multi-landmark,env_visibility_reasoning,easy,0,,,,,,,
ViLaSR-Instant,multi-landmark,env_visibility_reasoning,medium,0,,,,,,,
ViLaSR-Instant,multi-landmark,env_visibility_reasoning,hard,0,,,,,,,
ViLaSR-Instant,multi-landmark,env_visibility_reasoning,1,0,,,,,,,
ViLaSR-Instant,multi-landmark,env_visibility_reasoning,2-3,0,,,,,,,
ViLaSR-Instant,multi-landmark,env_visibility_reasoning,4-5,0,,,,,,,
ViLaSR-Instant,multi-landmark,env_visibility_reasoning,6+,0,,,,,,,
glm-4.6v-Instant,single-landmark,self_composite_instance_recognition,easy,105,0.3142857142857143,,,,,0.0,0.09972027802407535
glm-4.6v-Instant,single-landmark,self_composite_instance_recognition,medium,459,0.32461873638344224,,,,,0.015555555555555555,0.06027845545983893
glm-4.6v-Instant,single-landmark,self_composite_instance_recognition,hard,7,0.42857142857142855,,,,,0.0,0.0285007825482053
glm-4.6v-Instant,single-landmark,self_composite_instance_recognition,1,0,,,,,,,
glm-4.6v-Instant,single-landmark,self_composite_instance_recognition,2-3,0,,,,,,,
glm-4.6v-Instant,single-landmark,self_composite_instance_recognition,4-5,0,,,,,,,
glm-4.6v-Instant,single-landmark,self_composite_instance_recognition,6+,0,,,,,,,
glm-4.6v-Instant,single-landmark,self_atomic_instance_recognition,easy,463,0.2434944296696381,,,,,0.2460527418429904,0.30067194135179287
glm-4.6v-Instant,single-landmark,self_atomic_instance_recognition,medium,549,0.41453342897679546,,,,,0.19402268750343032,0.1664878719241237
glm-4.6v-Instant,single-landmark,self_atomic_instance_recognition,hard,12,0.16666666666666666,,,,,0.041666666666666664,0.08956044840678871
glm-4.6v-Instant,single-landmark,self_atomic_instance_recognition,1,0,,,,,,,
glm-4.6v-Instant,single-landmark,self_atomic_instance_recognition,2-3,0,,,,,,,
glm-4.6v-Instant,single-landmark,self_atomic_instance_recognition,4-5,0,,,,,,,
glm-4.6v-Instant,single-landmark,self_atomic_instance_recognition,6+,0,,,,,,,
glm-4.6v-Instant,single-landmark,env_visibility_reasoning,easy,463,0.04535637149028078,0.9913606911447084,0.2694462140870457,0.45843139744104194,,,
glm-4.6v-Instant,single-landmark,env_visibility_reasoning,medium,549,0.5446265938069217,0.7996357012750456,0.08422306422858059,0.24231857826318823,,,
glm-4.6v-Instant,single-landmark,env_visibility_reasoning,hard,12,0.0,0.0,0.040673391271974224,0.0763018363085705,,,
glm-4.6v-Instant,single-landmark,env_visibility_reasoning,1,0,,,,,,,
glm-4.6v-Instant,single-landmark,env_visibility_reasoning,2-3,0,,,,,,,
glm-4.6v-Instant,single-landmark,env_visibility_reasoning,4-5,0,,,,,,,
glm-4.6v-Instant,single-landmark,env_visibility_reasoning,6+,0,,,,,,,
glm-4.6v-Instant,multi-landmark,self_composite_instance_recognition,easy,0,,,,,,,
glm-4.6v-Instant,multi-landmark,self_composite_instance_recognition,medium,0,,,,,,,
glm-4.6v-Instant,multi-landmark,self_composite_instance_recognition,hard,0,,,,,,,
glm-4.6v-Instant,multi-landmark,self_composite_instance_recognition,1,0,,,,,,,
glm-4.6v-Instant,multi-landmark,self_composite_instance_recognition,2-3,0,,,,,,,
glm-4.6v-Instant,multi-landmark,self_composite_instance_recognition,4-5,0,,,,,,,
glm-4.6v-Instant,multi-landmark,self_composite_instance_recognition,6+,0,,,,,,,
glm-4.6v-Instant,multi-landmark,self_atomic_instance_recognition,easy,0,,,,,,,
glm-4.6v-Instant,multi-landmark,self_atomic_instance_recognition,medium,0,,,,,,,
glm-4.6v-Instant,multi-landmark,self_atomic_instance_recognition,hard,0,,,,,,,
glm-4.6v-Instant,multi-landmark,self_atomic_instance_recognition,1,0,,,,,,,
glm-4.6v-Instant,multi-landmark,self_atomic_instance_recognition,2-3,0,,,,,,,
glm-4.6v-Instant,multi-landmark,self_atomic_instance_recognition,4-5,0,,,,,,,
glm-4.6v-Instant,multi-landmark,self_atomic_instance_recognition,6+,0,,,,,,,
glm-4.6v-Instant,multi-landmark,env_visibility_reasoning,easy,0,,,,,,,
glm-4.6v-Instant,multi-landmark,env_visibility_reasoning,medium,0,,,,,,,
glm-4.6v-Instant,multi-landmark,env_visibility_reasoning,hard,0,,,,,,,
glm-4.6v-Instant,multi-landmark,env_visibility_reasoning,1,0,,,,,,,
glm-4.6v-Instant,multi-landmark,env_visibility_reasoning,2-3,0,,,,,,,
glm-4.6v-Instant,multi-landmark,env_visibility_reasoning,4-5,0,,,,,,,
glm-4.6v-Instant,multi-landmark,env_visibility_reasoning,6+,0,,,,,,,
google/gemini-3-flash-preview-Instant,single-landmark,self_composite_instance_recognition,easy,112,0.125,,,,,0.16071428571428573,0.29192721334718313
google/gemini-3-flash-preview-Instant,single-landmark,self_composite_instance_recognition,medium,467,0.5867237687366167,,,,,0.6102783725910065,0.6078806821108035
google/gemini-3-flash-preview-Instant,single-landmark,self_composite_instance_recognition,hard,7,0.14285714285714285,,,,,0.14285714285714285,0.1994550408719346
google/gemini-3-flash-preview-Instant,single-landmark,self_composite_instance_recognition,1,0,,,,,,,
google/gemini-3-flash-preview-Instant,single-landmark,self_composite_instance_recognition,2-3,0,,,,,,,
google/gemini-3-flash-preview-Instant,single-landmark,self_composite_instance_recognition,4-5,0,,,,,,,
google/gemini-3-flash-preview-Instant,single-landmark,self_composite_instance_recognition,6+,0,,,,,,,
google/gemini-3-flash-preview-Instant,single-landmark,self_atomic_instance_recognition,easy,463,0.40514253666336536,,,,,0.7600693847790438,0.6628716257338202
google/gemini-3-flash-preview-Instant,single-landmark,self_atomic_instance_recognition,medium,549,0.30672528672208277,,,,,0.32896403508285005,0.30205619289296076
google/gemini-3-flash-preview-Instant,single-landmark,self_atomic_instance_recognition,hard,12,0.17857142857142858,,,,,0.5333333333333333,0.4031364447627748
google/gemini-3-flash-preview-Instant,single-landmark,self_atomic_instance_recognition,1,0,,,,,,,
google/gemini-3-flash-preview-Instant,single-landmark,self_atomic_instance_recognition,2-3,0,,,,,,,
google/gemini-3-flash-preview-Instant,single-landmark,self_atomic_instance_recognition,4-5,0,,,,,,,
google/gemini-3-flash-preview-Instant,single-landmark,self_atomic_instance_recognition,6+,0,,,,,,,
google/gemini-3-flash-preview-Instant,single-landmark,env_visibility_reasoning,easy,463,0.6868250539956804,0.8768898488120951,0.43390579355061804,0.4869686201604249,,,
google/gemini-3-flash-preview-Instant,single-landmark,env_visibility_reasoning,medium,549,0.44990892531876137,0.7868852459016393,0.4691205023827447,0.41421601760955584,,,
google/gemini-3-flash-preview-Instant,single-landmark,env_visibility_reasoning,hard,12,0.0,0.08333333333333333,0.0982853913181782,0.07722652232456521,,,
google/gemini-3-flash-preview-Instant,single-landmark,env_visibility_reasoning,1,0,,,,,,,
google/gemini-3-flash-preview-Instant,single-landmark,env_visibility_reasoning,2-3,0,,,,,,,
google/gemini-3-flash-preview-Instant,single-landmark,env_visibility_reasoning,4-5,0,,,,,,,
google/gemini-3-flash-preview-Instant,single-landmark,env_visibility_reasoning,6+,0,,,,,,,
google/gemini-3-flash-preview-Instant,multi-landmark,self_composite_instance_recognition,easy,0,,,,,,,
google/gemini-3-flash-preview-Instant,multi-landmark,self_composite_instance_recognition,medium,0,,,,,,,
google/gemini-3-flash-preview-Instant,multi-landmark,self_composite_instance_recognition,hard,0,,,,,,,
google/gemini-3-flash-preview-Instant,multi-landmark,self_composite_instance_recognition,1,0,,,,,,,
google/gemini-3-flash-preview-Instant,multi-landmark,self_composite_instance_recognition,2-3,0,,,,,,,
google/gemini-3-flash-preview-Instant,multi-landmark,self_composite_instance_recognition,4-5,0,,,,,,,
google/gemini-3-flash-preview-Instant,multi-landmark,self_composite_instance_recognition,6+,0,,,,,,,
google/gemini-3-flash-preview-Instant,multi-landmark,self_atomic_instance_recognition,easy,0,,,,,,,
google/gemini-3-flash-preview-Instant,multi-landmark,self_atomic_instance_recognition,medium,0,,,,,,,
google/gemini-3-flash-preview-Instant,multi-landmark,self_atomic_instance_recognition,hard,0,,,,,,,
google/gemini-3-flash-preview-Instant,multi-landmark,self_atomic_instance_recognition,1,0,,,,,,,
google/gemini-3-flash-preview-Instant,multi-landmark,self_atomic_instance_recognition,2-3,0,,,,,,,
google/gemini-3-flash-preview-Instant,multi-landmark,self_atomic_instance_recognition,4-5,0,,,,,,,
google/gemini-3-flash-preview-Instant,multi-landmark,self_atomic_instance_recognition,6+,0,,,,,,,
google/gemini-3-flash-preview-Instant,multi-landmark,env_visibility_reasoning,easy,0,,,,,,,
google/gemini-3-flash-preview-Instant,multi-landmark,env_visibility_reasoning,medium,0,,,,,,,
google/gemini-3-flash-preview-Instant,multi-landmark,env_visibility_reasoning,hard,0,,,,,,,
google/gemini-3-flash-preview-Instant,multi-landmark,env_visibility_reasoning,1,0,,,,,,,
google/gemini-3-flash-preview-Instant,multi-landmark,env_visibility_reasoning,2-3,0,,,,,,,
google/gemini-3-flash-preview-Instant,multi-landmark,env_visibility_reasoning,4-5,0,,,,,,,
google/gemini-3-flash-preview-Instant,multi-landmark,env_visibility_reasoning,6+,0,,,,,,,
google/gemini-3.1-flash-lite-Instant,single-landmark,self_composite_instance_recognition,easy,13,0.0,,,,,,
google/gemini-3.1-flash-lite-Instant,single-landmark,self_composite_instance_recognition,medium,73,0.0,,,,,,
google/gemini-3.1-flash-lite-Instant,single-landmark,self_composite_instance_recognition,hard,0,,,,,,,
google/gemini-3.1-flash-lite-Instant,single-landmark,self_composite_instance_recognition,1,0,,,,,,,
google/gemini-3.1-flash-lite-Instant,single-landmark,self_composite_instance_recognition,2-3,0,,,,,,,
google/gemini-3.1-flash-lite-Instant,single-landmark,self_composite_instance_recognition,4-5,0,,,,,,,
google/gemini-3.1-flash-lite-Instant,single-landmark,self_composite_instance_recognition,6+,0,,,,,,,
google/gemini-3.1-flash-lite-Instant,single-landmark,self_atomic_instance_recognition,easy,83,0.0,,,,,,
google/gemini-3.1-flash-lite-Instant,single-landmark,self_atomic_instance_recognition,medium,89,0.0,,,,,,
google/gemini-3.1-flash-lite-Instant,single-landmark,self_atomic_instance_recognition,hard,0,,,,,,,
google/gemini-3.1-flash-lite-Instant,single-landmark,self_atomic_instance_recognition,1,0,,,,,,,
google/gemini-3.1-flash-lite-Instant,single-landmark,self_atomic_instance_recognition,2-3,0,,,,,,,
google/gemini-3.1-flash-lite-Instant,single-landmark,self_atomic_instance_recognition,4-5,0,,,,,,,
google/gemini-3.1-flash-lite-Instant,single-landmark,self_atomic_instance_recognition,6+,0,,,,,,,
google/gemini-3.1-flash-lite-Instant,single-landmark,env_visibility_reasoning,easy,83,0.0,0.0,0.0,0.0,,,
google/gemini-3.1-flash-lite-Instant,single-landmark,env_visibility_reasoning,medium,89,0.0,0.0,0.0,0.0,,,
google/gemini-3.1-flash-lite-Instant,single-landmark,env_visibility_reasoning,hard,0,,,,,,,
google/gemini-3.1-flash-lite-Instant,single-landmark,env_visibility_reasoning,1,0,,,,,,,
google/gemini-3.1-flash-lite-Instant,single-landmark,env_visibility_reasoning,2-3,0,,,,,,,
google/gemini-3.1-flash-lite-Instant,single-landmark,env_visibility_reasoning,4-5,0,,,,,,,
google/gemini-3.1-flash-lite-Instant,single-landmark,env_visibility_reasoning,6+,0,,,,,,,
google/gemini-3.1-flash-lite-Instant,multi-landmark,self_composite_instance_recognition,easy,0,,,,,,,
google/gemini-3.1-flash-lite-Instant,multi-landmark,self_composite_instance_recognition,medium,0,,,,,,,
google/gemini-3.1-flash-lite-Instant,multi-landmark,self_composite_instance_recognition,hard,0,,,,,,,
google/gemini-3.1-flash-lite-Instant,multi-landmark,self_composite_instance_recognition,1,0,,,,,,,
google/gemini-3.1-flash-lite-Instant,multi-landmark,self_composite_instance_recognition,2-3,0,,,,,,,
google/gemini-3.1-flash-lite-Instant,multi-landmark,self_composite_instance_recognition,4-5,0,,,,,,,
google/gemini-3.1-flash-lite-Instant,multi-landmark,self_composite_instance_recognition,6+,0,,,,,,,
google/gemini-3.1-flash-lite-Instant,multi-landmark,self_atomic_instance_recognition,easy,0,,,,,,,
google/gemini-3.1-flash-lite-Instant,multi-landmark,self_atomic_instance_recognition,medium,0,,,,,,,
google/gemini-3.1-flash-lite-Instant,multi-landmark,self_atomic_instance_recognition,hard,0,,,,,,,
google/gemini-3.1-flash-lite-Instant,multi-landmark,self_atomic_instance_recognition,1,0,,,,,,,
google/gemini-3.1-flash-lite-Instant,multi-landmark,self_atomic_instance_recognition,2-3,0,,,,,,,
google/gemini-3.1-flash-lite-Instant,multi-landmark,self_atomic_instance_recognition,4-5,0,,,,,,,
google/gemini-3.1-flash-lite-Instant,multi-landmark,self_atomic_instance_recognition,6+,0,,,,,,,
google/gemini-3.1-flash-lite-Instant,multi-landmark,env_visibility_reasoning,easy,0,,,,,,,
google/gemini-3.1-flash-lite-Instant,multi-landmark,env_visibility_reasoning,medium,0,,,,,,,
google/gemini-3.1-flash-lite-Instant,multi-landmark,env_visibility_reasoning,hard,0,,,,,,,
google/gemini-3.1-flash-lite-Instant,multi-landmark,env_visibility_reasoning,1,0,,,,,,,
google/gemini-3.1-flash-lite-Instant,multi-landmark,env_visibility_reasoning,2-3,0,,,,,,,
google/gemini-3.1-flash-lite-Instant,multi-landmark,env_visibility_reasoning,4-5,0,,,,,,,
google/gemini-3.1-flash-lite-Instant,multi-landmark,env_visibility_reasoning,6+,0,,,,,,,
google/gemini-3.1-flash-lite-preview-Instant,single-landmark,self_composite_instance_recognition,easy,59,0.0847457627118644,,,,,0.14545454545454545,0.2617223025314259
google/gemini-3.1-flash-lite-preview-Instant,single-landmark,self_composite_instance_recognition,medium,218,0.26146788990825687,,,,,0.33663366336633666,0.3387054948066926
google/gemini-3.1-flash-lite-preview-Instant,single-landmark,self_composite_instance_recognition,hard,1,0.0,,,,,0.0,
google/gemini-3.1-flash-lite-preview-Instant,single-landmark,self_composite_instance_recognition,1,0,,,,,,,
google/gemini-3.1-flash-lite-preview-Instant,single-landmark,self_composite_instance_recognition,2-3,0,,,,,,,
google/gemini-3.1-flash-lite-preview-Instant,single-landmark,self_composite_instance_recognition,4-5,0,,,,,,,
google/gemini-3.1-flash-lite-preview-Instant,single-landmark,self_composite_instance_recognition,6+,0,,,,,,,
google/gemini-3.1-flash-lite-preview-Instant,single-landmark,self_atomic_instance_recognition,easy,225,0.2005765102729224,,,,,0.5798088811044714,0.5736447428221825
google/gemini-3.1-flash-lite-preview-Instant,single-landmark,self_atomic_instance_recognition,medium,256,0.1970912182140745,,,,,0.24101234855545206,0.2574803545095715
google/gemini-3.1-flash-lite-preview-Instant,single-landmark,self_atomic_instance_recognition,hard,3,0.0,,,,,0.5,0.4888268156424581
google/gemini-3.1-flash-lite-preview-Instant,single-landmark,self_atomic_instance_recognition,1,0,,,,,,,
google/gemini-3.1-flash-lite-preview-Instant,single-landmark,self_atomic_instance_recognition,2-3,0,,,,,,,
google/gemini-3.1-flash-lite-preview-Instant,single-landmark,self_atomic_instance_recognition,4-5,0,,,,,,,
google/gemini-3.1-flash-lite-preview-Instant,single-landmark,self_atomic_instance_recognition,6+,0,,,,,,,
google/gemini-3.1-flash-lite-preview-Instant,single-landmark,env_visibility_reasoning,easy,225,0.7644444444444445,0.9288888888888889,0.5814805378627034,0.5700007147428728,,,
google/gemini-3.1-flash-lite-preview-Instant,single-landmark,env_visibility_reasoning,medium,256,0.34375,0.66796875,0.3029682558417328,0.28601375134963697,,,
google/gemini-3.1-flash-lite-preview-Instant,single-landmark,env_visibility_reasoning,hard,3,0.0,0.0,0.0,0.02689130826042871,,,
google/gemini-3.1-flash-lite-preview-Instant,single-landmark,env_visibility_reasoning,1,0,,,,,,,
google/gemini-3.1-flash-lite-preview-Instant,single-landmark,env_visibility_reasoning,2-3,0,,,,,,,
google/gemini-3.1-flash-lite-preview-Instant,single-landmark,env_visibility_reasoning,4-5,0,,,,,,,
google/gemini-3.1-flash-lite-preview-Instant,single-landmark,env_visibility_reasoning,6+,0,,,,,,,
google/gemini-3.1-flash-lite-preview-Instant,multi-landmark,self_composite_instance_recognition,easy,0,,,,,,,
google/gemini-3.1-flash-lite-preview-Instant,multi-landmark,self_composite_instance_recognition,medium,0,,,,,,,
google/gemini-3.1-flash-lite-preview-Instant,multi-landmark,self_composite_instance_recognition,hard,0,,,,,,,
google/gemini-3.1-flash-lite-preview-Instant,multi-landmark,self_composite_instance_recognition,1,0,,,,,,,
google/gemini-3.1-flash-lite-preview-Instant,multi-landmark,self_composite_instance_recognition,2-3,0,,,,,,,
google/gemini-3.1-flash-lite-preview-Instant,multi-landmark,self_composite_instance_recognition,4-5,0,,,,,,,
google/gemini-3.1-flash-lite-preview-Instant,multi-landmark,self_composite_instance_recognition,6+,0,,,,,,,
google/gemini-3.1-flash-lite-preview-Instant,multi-landmark,self_atomic_instance_recognition,easy,0,,,,,,,
google/gemini-3.1-flash-lite-preview-Instant,multi-landmark,self_atomic_instance_recognition,medium,0,,,,,,,
google/gemini-3.1-flash-lite-preview-Instant,multi-landmark,self_atomic_instance_recognition,hard,0,,,,,,,
google/gemini-3.1-flash-lite-preview-Instant,multi-landmark,self_atomic_instance_recognition,1,0,,,,,,,
google/gemini-3.1-flash-lite-preview-Instant,multi-landmark,self_atomic_instance_recognition,2-3,0,,,,,,,
google/gemini-3.1-flash-lite-preview-Instant,multi-landmark,self_atomic_instance_recognition,4-5,0,,,,,,,
google/gemini-3.1-flash-lite-preview-Instant,multi-landmark,self_atomic_instance_recognition,6+,0,,,,,,,
google/gemini-3.1-flash-lite-preview-Instant,multi-landmark,env_visibility_reasoning,easy,0,,,,,,,
google/gemini-3.1-flash-lite-preview-Instant,multi-landmark,env_visibility_reasoning,medium,0,,,,,,,
google/gemini-3.1-flash-lite-preview-Instant,multi-landmark,env_visibility_reasoning,hard,0,,,,,,,
google/gemini-3.1-flash-lite-preview-Instant,multi-landmark,env_visibility_reasoning,1,0,,,,,,,
google/gemini-3.1-flash-lite-preview-Instant,multi-landmark,env_visibility_reasoning,2-3,0,,,,,,,
google/gemini-3.1-flash-lite-preview-Instant,multi-landmark,env_visibility_reasoning,4-5,0,,,,,,,
google/gemini-3.1-flash-lite-preview-Instant,multi-landmark,env_visibility_reasoning,6+,0,,,,,,,
intern-s1-pro-Instant,single-landmark,self_composite_instance_recognition,easy,20,0.0,,,,,,
intern-s1-pro-Instant,single-landmark,self_composite_instance_recognition,medium,118,0.0,,,,,,
intern-s1-pro-Instant,single-landmark,self_composite_instance_recognition,hard,0,,,,,,,
intern-s1-pro-Instant,single-landmark,self_composite_instance_recognition,1,0,,,,,,,
intern-s1-pro-Instant,single-landmark,self_composite_instance_recognition,2-3,0,,,,,,,
intern-s1-pro-Instant,single-landmark,self_composite_instance_recognition,4-5,0,,,,,,,
intern-s1-pro-Instant,single-landmark,self_composite_instance_recognition,6+,0,,,,,,,
intern-s1-pro-Instant,single-landmark,self_atomic_instance_recognition,easy,127,0.0,,,,,,
intern-s1-pro-Instant,single-landmark,self_atomic_instance_recognition,medium,149,0.0,,,,,,
intern-s1-pro-Instant,single-landmark,self_atomic_instance_recognition,hard,0,,,,,,,
intern-s1-pro-Instant,single-landmark,self_atomic_instance_recognition,1,0,,,,,,,
intern-s1-pro-Instant,single-landmark,self_atomic_instance_recognition,2-3,0,,,,,,,
intern-s1-pro-Instant,single-landmark,self_atomic_instance_recognition,4-5,0,,,,,,,
intern-s1-pro-Instant,single-landmark,self_atomic_instance_recognition,6+,0,,,,,,,
intern-s1-pro-Instant,single-landmark,env_visibility_reasoning,easy,127,0.0,0.0,0.0,0.0,,,
intern-s1-pro-Instant,single-landmark,env_visibility_reasoning,medium,149,0.0,0.0,0.0,0.0,,,
intern-s1-pro-Instant,single-landmark,env_visibility_reasoning,hard,0,,,,,,,
intern-s1-pro-Instant,single-landmark,env_visibility_reasoning,1,0,,,,,,,
intern-s1-pro-Instant,single-landmark,env_visibility_reasoning,2-3,0,,,,,,,
intern-s1-pro-Instant,single-landmark,env_visibility_reasoning,4-5,0,,,,,,,
intern-s1-pro-Instant,single-landmark,env_visibility_reasoning,6+,0,,,,,,,
intern-s1-pro-Instant,multi-landmark,self_composite_instance_recognition,easy,0,,,,,,,
intern-s1-pro-Instant,multi-landmark,self_composite_instance_recognition,medium,0,,,,,,,
intern-s1-pro-Instant,multi-landmark,self_composite_instance_recognition,hard,0,,,,,,,
intern-s1-pro-Instant,multi-landmark,self_composite_instance_recognition,1,0,,,,,,,
intern-s1-pro-Instant,multi-landmark,self_composite_instance_recognition,2-3,0,,,,,,,
intern-s1-pro-Instant,multi-landmark,self_composite_instance_recognition,4-5,0,,,,,,,
intern-s1-pro-Instant,multi-landmark,self_composite_instance_recognition,6+,0,,,,,,,
intern-s1-pro-Instant,multi-landmark,self_atomic_instance_recognition,easy,0,,,,,,,
intern-s1-pro-Instant,multi-landmark,self_atomic_instance_recognition,medium,0,,,,,,,
intern-s1-pro-Instant,multi-landmark,self_atomic_instance_recognition,hard,0,,,,,,,
intern-s1-pro-Instant,multi-landmark,self_atomic_instance_recognition,1,0,,,,,,,
intern-s1-pro-Instant,multi-landmark,self_atomic_instance_recognition,2-3,0,,,,,,,
intern-s1-pro-Instant,multi-landmark,self_atomic_instance_recognition,4-5,0,,,,,,,
intern-s1-pro-Instant,multi-landmark,self_atomic_instance_recognition,6+,0,,,,,,,
intern-s1-pro-Instant,multi-landmark,env_visibility_reasoning,easy,0,,,,,,,
intern-s1-pro-Instant,multi-landmark,env_visibility_reasoning,medium,0,,,,,,,
intern-s1-pro-Instant,multi-landmark,env_visibility_reasoning,hard,0,,,,,,,
intern-s1-pro-Instant,multi-landmark,env_visibility_reasoning,1,0,,,,,,,
intern-s1-pro-Instant,multi-landmark,env_visibility_reasoning,2-3,0,,,,,,,
intern-s1-pro-Instant,multi-landmark,env_visibility_reasoning,4-5,0,,,,,,,
intern-s1-pro-Instant,multi-landmark,env_visibility_reasoning,6+,0,,,,,,,
internvl3.5-241b-a28b-Instant,single-landmark,self_composite_instance_recognition,easy,0,,,,,,,
internvl3.5-241b-a28b-Instant,single-landmark,self_composite_instance_recognition,medium,4,0.0,,,,,,
internvl3.5-241b-a28b-Instant,single-landmark,self_composite_instance_recognition,hard,0,,,,,,,
internvl3.5-241b-a28b-Instant,single-landmark,self_composite_instance_recognition,1,0,,,,,,,
internvl3.5-241b-a28b-Instant,single-landmark,self_composite_instance_recognition,2-3,0,,,,,,,
internvl3.5-241b-a28b-Instant,single-landmark,self_composite_instance_recognition,4-5,0,,,,,,,
internvl3.5-241b-a28b-Instant,single-landmark,self_composite_instance_recognition,6+,0,,,,,,,
internvl3.5-241b-a28b-Instant,single-landmark,self_atomic_instance_recognition,easy,3,0.0,,,,,,
internvl3.5-241b-a28b-Instant,single-landmark,self_atomic_instance_recognition,medium,5,0.0,,,,,,
internvl3.5-241b-a28b-Instant,single-landmark,self_atomic_instance_recognition,hard,0,,,,,,,
internvl3.5-241b-a28b-Instant,single-landmark,self_atomic_instance_recognition,1,0,,,,,,,
internvl3.5-241b-a28b-Instant,single-landmark,self_atomic_instance_recognition,2-3,0,,,,,,,
internvl3.5-241b-a28b-Instant,single-landmark,self_atomic_instance_recognition,4-5,0,,,,,,,
internvl3.5-241b-a28b-Instant,single-landmark,self_atomic_instance_recognition,6+,0,,,,,,,
internvl3.5-241b-a28b-Instant,single-landmark,env_visibility_reasoning,easy,3,0.0,0.0,0.0,0.0,,,
internvl3.5-241b-a28b-Instant,single-landmark,env_visibility_reasoning,medium,5,0.0,0.0,0.0,0.0,,,
internvl3.5-241b-a28b-Instant,single-landmark,env_visibility_reasoning,hard,0,,,,,,,
internvl3.5-241b-a28b-Instant,single-landmark,env_visibility_reasoning,1,0,,,,,,,
internvl3.5-241b-a28b-Instant,single-landmark,env_visibility_reasoning,2-3,0,,,,,,,
internvl3.5-241b-a28b-Instant,single-landmark,env_visibility_reasoning,4-5,0,,,,,,,
internvl3.5-241b-a28b-Instant,single-landmark,env_visibility_reasoning,6+,0,,,,,,,
internvl3.5-241b-a28b-Instant,multi-landmark,self_composite_instance_recognition,easy,0,,,,,,,
internvl3.5-241b-a28b-Instant,multi-landmark,self_composite_instance_recognition,medium,0,,,,,,,
internvl3.5-241b-a28b-Instant,multi-landmark,self_composite_instance_recognition,hard,0,,,,,,,
internvl3.5-241b-a28b-Instant,multi-landmark,self_composite_instance_recognition,1,0,,,,,,,
internvl3.5-241b-a28b-Instant,multi-landmark,self_composite_instance_recognition,2-3,0,,,,,,,
internvl3.5-241b-a28b-Instant,multi-landmark,self_composite_instance_recognition,4-5,0,,,,,,,
internvl3.5-241b-a28b-Instant,multi-landmark,self_composite_instance_recognition,6+,0,,,,,,,
internvl3.5-241b-a28b-Instant,multi-landmark,self_atomic_instance_recognition,easy,0,,,,,,,
internvl3.5-241b-a28b-Instant,multi-landmark,self_atomic_instance_recognition,medium,0,,,,,,,
internvl3.5-241b-a28b-Instant,multi-landmark,self_atomic_instance_recognition,hard,0,,,,,,,
internvl3.5-241b-a28b-Instant,multi-landmark,self_atomic_instance_recognition,1,0,,,,,,,
internvl3.5-241b-a28b-Instant,multi-landmark,self_atomic_instance_recognition,2-3,0,,,,,,,
internvl3.5-241b-a28b-Instant,multi-landmark,self_atomic_instance_recognition,4-5,0,,,,,,,
internvl3.5-241b-a28b-Instant,multi-landmark,self_atomic_instance_recognition,6+,0,,,,,,,
internvl3.5-241b-a28b-Instant,multi-landmark,env_visibility_reasoning,easy,0,,,,,,,
internvl3.5-241b-a28b-Instant,multi-landmark,env_visibility_reasoning,medium,0,,,,,,,
internvl3.5-241b-a28b-Instant,multi-landmark,env_visibility_reasoning,hard,0,,,,,,,
internvl3.5-241b-a28b-Instant,multi-landmark,env_visibility_reasoning,1,0,,,,,,,
internvl3.5-241b-a28b-Instant,multi-landmark,env_visibility_reasoning,2-3,0,,,,,,,
internvl3.5-241b-a28b-Instant,multi-landmark,env_visibility_reasoning,4-5,0,,,,,,,
internvl3.5-241b-a28b-Instant,multi-landmark,env_visibility_reasoning,6+,0,,,,,,,
kimi-k2.5-Instant,single-landmark,self_composite_instance_recognition,easy,78,0.038461538461538464,,,,,0.08974358974358974,0.1464015082099655
kimi-k2.5-Instant,single-landmark,self_composite_instance_recognition,medium,348,0.13793103448275862,,,,,0.21264367816091953,0.20971641128244572
kimi-k2.5-Instant,single-landmark,self_composite_instance_recognition,hard,4,0.0,,,,,0.25,0.31007751937984496
kimi-k2.5-Instant,single-landmark,self_composite_instance_recognition,1,0,,,,,,,
kimi-k2.5-Instant,single-landmark,self_composite_instance_recognition,2-3,0,,,,,,,
kimi-k2.5-Instant,single-landmark,self_composite_instance_recognition,4-5,0,,,,,,,
kimi-k2.5-Instant,single-landmark,self_composite_instance_recognition,6+,0,,,,,,,
kimi-k2.5-Instant,single-landmark,self_atomic_instance_recognition,easy,347,0.35319375877641485,,,,,0.8322412725467259,0.7116253580649935
kimi-k2.5-Instant,single-landmark,self_atomic_instance_recognition,medium,412,0.26403865488212963,,,,,0.30360083046396613,0.3076125502985332
kimi-k2.5-Instant,single-landmark,self_atomic_instance_recognition,hard,9,0.05555555555555555,,,,,0.6250000000000001,0.4808066366563927
kimi-k2.5-Instant,single-landmark,self_atomic_instance_recognition,1,0,,,,,,,
kimi-k2.5-Instant,single-landmark,self_atomic_instance_recognition,2-3,0,,,,,,,
kimi-k2.5-Instant,single-landmark,self_atomic_instance_recognition,4-5,0,,,,,,,
kimi-k2.5-Instant,single-landmark,self_atomic_instance_recognition,6+,0,,,,,,,
kimi-k2.5-Instant,single-landmark,env_visibility_reasoning,easy,347,0.6685878962536023,0.9798270893371758,0.624157151997055,0.5930134163169356,,,
kimi-k2.5-Instant,single-landmark,env_visibility_reasoning,medium,412,0.3786407766990291,0.7330097087378641,0.4007548270712331,0.35539269589550315,,,
kimi-k2.5-Instant,single-landmark,env_visibility_reasoning,hard,9,0.0,0.0,0.0,0.007409732307664085,,,
kimi-k2.5-Instant,single-landmark,env_visibility_reasoning,1,0,,,,,,,
kimi-k2.5-Instant,single-landmark,env_visibility_reasoning,2-3,0,,,,,,,
kimi-k2.5-Instant,single-landmark,env_visibility_reasoning,4-5,0,,,,,,,
kimi-k2.5-Instant,single-landmark,env_visibility_reasoning,6+,0,,,,,,,
kimi-k2.5-Instant,multi-landmark,self_composite_instance_recognition,easy,0,,,,,,,
kimi-k2.5-Instant,multi-landmark,self_composite_instance_recognition,medium,0,,,,,,,
kimi-k2.5-Instant,multi-landmark,self_composite_instance_recognition,hard,0,,,,,,,
kimi-k2.5-Instant,multi-landmark,self_composite_instance_recognition,1,0,,,,,,,
kimi-k2.5-Instant,multi-landmark,self_composite_instance_recognition,2-3,0,,,,,,,
kimi-k2.5-Instant,multi-landmark,self_composite_instance_recognition,4-5,0,,,,,,,
kimi-k2.5-Instant,multi-landmark,self_composite_instance_recognition,6+,0,,,,,,,
kimi-k2.5-Instant,multi-landmark,self_atomic_instance_recognition,easy,0,,,,,,,
kimi-k2.5-Instant,multi-landmark,self_atomic_instance_recognition,medium,0,,,,,,,
kimi-k2.5-Instant,multi-landmark,self_atomic_instance_recognition,hard,0,,,,,,,
kimi-k2.5-Instant,multi-landmark,self_atomic_instance_recognition,1,0,,,,,,,
kimi-k2.5-Instant,multi-landmark,self_atomic_instance_recognition,2-3,0,,,,,,,
kimi-k2.5-Instant,multi-landmark,self_atomic_instance_recognition,4-5,0,,,,,,,
kimi-k2.5-Instant,multi-landmark,self_atomic_instance_recognition,6+,0,,,,,,,
kimi-k2.5-Instant,multi-landmark,env_visibility_reasoning,easy,0,,,,,,,
kimi-k2.5-Instant,multi-landmark,env_visibility_reasoning,medium,0,,,,,,,
kimi-k2.5-Instant,multi-landmark,env_visibility_reasoning,hard,0,,,,,,,
kimi-k2.5-Instant,multi-landmark,env_visibility_reasoning,1,0,,,,,,,
kimi-k2.5-Instant,multi-landmark,env_visibility_reasoning,2-3,0,,,,,,,
kimi-k2.5-Instant,multi-landmark,env_visibility_reasoning,4-5,0,,,,,,,
kimi-k2.5-Instant,multi-landmark,env_visibility_reasoning,6+,0,,,,,,,
mimo-v2-omni-Instant,single-landmark,self_composite_instance_recognition,easy,98,0.1836734693877551,,,,,0.2653061224489796,0.4212935454311741
mimo-v2-omni-Instant,single-landmark,self_composite_instance_recognition,medium,466,0.30042918454935624,,,,,0.34623655913978496,0.34391464160531154
mimo-v2-omni-Instant,single-landmark,self_composite_instance_recognition,hard,8,0.125,,,,,0.25,0.3711399161265726
mimo-v2-omni-Instant,single-landmark,self_composite_instance_recognition,1,0,,,,,,,
mimo-v2-omni-Instant,single-landmark,self_composite_instance_recognition,2-3,0,,,,,,,
mimo-v2-omni-Instant,single-landmark,self_composite_instance_recognition,4-5,0,,,,,,,
mimo-v2-omni-Instant,single-landmark,self_composite_instance_recognition,6+,0,,,,,,,
mimo-v2-omni-Instant,single-landmark,self_atomic_instance_recognition,easy,463,0.34909932978557584,,,,,0.8089420928593637,0.6860760622239512
mimo-v2-omni-Instant,single-landmark,self_atomic_instance_recognition,medium,549,0.24832126145647787,,,,,0.30566187961149677,0.28707116351383843
mimo-v2-omni-Instant,single-landmark,self_atomic_instance_recognition,hard,12,0.0,,,,,0.5333333333333333,0.37984845316646537
mimo-v2-omni-Instant,single-landmark,self_atomic_instance_recognition,1,0,,,,,,,
mimo-v2-omni-Instant,single-landmark,self_atomic_instance_recognition,2-3,0,,,,,,,
mimo-v2-omni-Instant,single-landmark,self_atomic_instance_recognition,4-5,0,,,,,,,
mimo-v2-omni-Instant,single-landmark,self_atomic_instance_recognition,6+,0,,,,,,,
mimo-v2-omni-Instant,single-landmark,env_visibility_reasoning,easy,463,0.6112311015118791,0.9935205183585313,0.6814943681679952,0.6764688516607533,,,
mimo-v2-omni-Instant,single-landmark,env_visibility_reasoning,medium,549,0.5919854280510018,0.8105646630236795,0.40419517585689446,0.42982114064802596,,,
mimo-v2-omni-Instant,single-landmark,env_visibility_reasoning,hard,12,0.0,0.0,0.029545799787331007,0.0696163510716604,,,
mimo-v2-omni-Instant,single-landmark,env_visibility_reasoning,1,0,,,,,,,
mimo-v2-omni-Instant,single-landmark,env_visibility_reasoning,2-3,0,,,,,,,
mimo-v2-omni-Instant,single-landmark,env_visibility_reasoning,4-5,0,,,,,,,
mimo-v2-omni-Instant,single-landmark,env_visibility_reasoning,6+,0,,,,,,,
mimo-v2-omni-Instant,multi-landmark,self_composite_instance_recognition,easy,0,,,,,,,
mimo-v2-omni-Instant,multi-landmark,self_composite_instance_recognition,medium,0,,,,,,,
mimo-v2-omni-Instant,multi-landmark,self_composite_instance_recognition,hard,0,,,,,,,
mimo-v2-omni-Instant,multi-landmark,self_composite_instance_recognition,1,0,,,,,,,
mimo-v2-omni-Instant,multi-landmark,self_composite_instance_recognition,2-3,0,,,,,,,
mimo-v2-omni-Instant,multi-landmark,self_composite_instance_recognition,4-5,0,,,,,,,
mimo-v2-omni-Instant,multi-landmark,self_composite_instance_recognition,6+,0,,,,,,,
mimo-v2-omni-Instant,multi-landmark,self_atomic_instance_recognition,easy,0,,,,,,,
mimo-v2-omni-Instant,multi-landmark,self_atomic_instance_recognition,medium,0,,,,,,,
mimo-v2-omni-Instant,multi-landmark,self_atomic_instance_recognition,hard,0,,,,,,,
mimo-v2-omni-Instant,multi-landmark,self_atomic_instance_recognition,1,0,,,,,,,
mimo-v2-omni-Instant,multi-landmark,self_atomic_instance_recognition,2-3,0,,,,,,,
mimo-v2-omni-Instant,multi-landmark,self_atomic_instance_recognition,4-5,0,,,,,,,
mimo-v2-omni-Instant,multi-landmark,self_atomic_instance_recognition,6+,0,,,,,,,
mimo-v2-omni-Instant,multi-landmark,env_visibility_reasoning,easy,0,,,,,,,
mimo-v2-omni-Instant,multi-landmark,env_visibility_reasoning,medium,0,,,,,,,
mimo-v2-omni-Instant,multi-landmark,env_visibility_reasoning,hard,0,,,,,,,
mimo-v2-omni-Instant,multi-landmark,env_visibility_reasoning,1,0,,,,,,,
mimo-v2-omni-Instant,multi-landmark,env_visibility_reasoning,2-3,0,,,,,,,
mimo-v2-omni-Instant,multi-landmark,env_visibility_reasoning,4-5,0,,,,,,,
mimo-v2-omni-Instant,multi-landmark,env_visibility_reasoning,6+,0,,,,,,,
qwen3.5-flash-Instant,single-landmark,self_composite_instance_recognition,easy,111,0.18018018018018017,,,,,0.24324324324324326,0.4389956835410323
qwen3.5-flash-Instant,single-landmark,self_composite_instance_recognition,medium,468,0.35683760683760685,,,,,0.3822239816697557,0.3865520880544937
qwen3.5-flash-Instant,single-landmark,self_composite_instance_recognition,hard,7,0.5714285714285714,,,,,0.5714285714285714,0.7898524394571224
qwen3.5-flash-Instant,single-landmark,self_composite_instance_recognition,1,0,,,,,,,
qwen3.5-flash-Instant,single-landmark,self_composite_instance_recognition,2-3,0,,,,,,,
qwen3.5-flash-Instant,single-landmark,self_composite_instance_recognition,4-5,0,,,,,,,
qwen3.5-flash-Instant,single-landmark,self_composite_instance_recognition,6+,0,,,,,,,
qwen3.5-flash-Instant,single-landmark,self_atomic_instance_recognition,easy,463,0.3009372141902774,,,,,0.771572079363225,0.6272516169401953
qwen3.5-flash-Instant,single-landmark,self_atomic_instance_recognition,medium,549,0.22225465237577902,,,,,0.3077846288454713,0.256775270978273
qwen3.5-flash-Instant,single-landmark,self_atomic_instance_recognition,hard,12,0.041666666666666664,,,,,0.29166666666666674,0.255288690230929
qwen3.5-flash-Instant,single-landmark,self_atomic_instance_recognition,1,0,,,,,,,
qwen3.5-flash-Instant,single-landmark,self_atomic_instance_recognition,2-3,0,,,,,,,
qwen3.5-flash-Instant,single-landmark,self_atomic_instance_recognition,4-5,0,,,,,,,
qwen3.5-flash-Instant,single-landmark,self_atomic_instance_recognition,6+,0,,,,,,,
qwen3.5-flash-Instant,single-landmark,env_visibility_reasoning,easy,463,0.6133909287257019,0.9913606911447084,0.6140517525401008,0.5882795127725414,,,
qwen3.5-flash-Instant,single-landmark,env_visibility_reasoning,medium,549,0.45901639344262296,0.7723132969034608,0.5601567653440178,0.45974778494508445,,,
qwen3.5-flash-Instant,single-landmark,env_visibility_reasoning,hard,12,0.0,0.0,0.03803131991051454,0.045807060705594295,,,
qwen3.5-flash-Instant,single-landmark,env_visibility_reasoning,1,0,,,,,,,
qwen3.5-flash-Instant,single-landmark,env_visibility_reasoning,2-3,0,,,,,,,
qwen3.5-flash-Instant,single-landmark,env_visibility_reasoning,4-5,0,,,,,,,
qwen3.5-flash-Instant,single-landmark,env_visibility_reasoning,6+,0,,,,,,,
qwen3.5-flash-Instant,multi-landmark,self_composite_instance_recognition,easy,0,,,,,,,
qwen3.5-flash-Instant,multi-landmark,self_composite_instance_recognition,medium,0,,,,,,,
qwen3.5-flash-Instant,multi-landmark,self_composite_instance_recognition,hard,0,,,,,,,
qwen3.5-flash-Instant,multi-landmark,self_composite_instance_recognition,1,0,,,,,,,
qwen3.5-flash-Instant,multi-landmark,self_composite_instance_recognition,2-3,0,,,,,,,
qwen3.5-flash-Instant,multi-landmark,self_composite_instance_recognition,4-5,0,,,,,,,
qwen3.5-flash-Instant,multi-landmark,self_composite_instance_recognition,6+,0,,,,,,,
qwen3.5-flash-Instant,multi-landmark,self_atomic_instance_recognition,easy,0,,,,,,,
qwen3.5-flash-Instant,multi-landmark,self_atomic_instance_recognition,medium,0,,,,,,,
qwen3.5-flash-Instant,multi-landmark,self_atomic_instance_recognition,hard,0,,,,,,,
qwen3.5-flash-Instant,multi-landmark,self_atomic_instance_recognition,1,0,,,,,,,
qwen3.5-flash-Instant,multi-landmark,self_atomic_instance_recognition,2-3,0,,,,,,,
qwen3.5-flash-Instant,multi-landmark,self_atomic_instance_recognition,4-5,0,,,,,,,
qwen3.5-flash-Instant,multi-landmark,self_atomic_instance_recognition,6+,0,,,,,,,
qwen3.5-flash-Instant,multi-landmark,env_visibility_reasoning,easy,0,,,,,,,
qwen3.5-flash-Instant,multi-landmark,env_visibility_reasoning,medium,0,,,,,,,
qwen3.5-flash-Instant,multi-landmark,env_visibility_reasoning,hard,0,,,,,,,
qwen3.5-flash-Instant,multi-landmark,env_visibility_reasoning,1,0,,,,,,,
qwen3.5-flash-Instant,multi-landmark,env_visibility_reasoning,2-3,0,,,,,,,
qwen3.5-flash-Instant,multi-landmark,env_visibility_reasoning,4-5,0,,,,,,,
qwen3.5-flash-Instant,multi-landmark,env_visibility_reasoning,6+,0,,,,,,,
qwen3.5-plus-Instant,single-landmark,self_composite_instance_recognition,easy,69,0.0,,,,,0.11594202898550725,0.13094624467421995
qwen3.5-plus-Instant,single-landmark,self_composite_instance_recognition,medium,459,0.02832244008714597,,,,,0.08496732026143791,0.08508593558048741
qwen3.5-plus-Instant,single-landmark,self_composite_instance_recognition,hard,6,0.0,,,,,0.16666666666666666,0.19476744186046513
qwen3.5-plus-Instant,single-landmark,self_composite_instance_recognition,1,0,,,,,,,
qwen3.5-plus-Instant,single-landmark,self_composite_instance_recognition,2-3,0,,,,,,,
qwen3.5-plus-Instant,single-landmark,self_composite_instance_recognition,4-5,0,,,,,,,
qwen3.5-plus-Instant,single-landmark,self_composite_instance_recognition,6+,0,,,,,,,
qwen3.5-plus-Instant,single-landmark,self_atomic_instance_recognition,easy,463,0.39736911544813974,,,,,0.6424036412657459,0.6711376195876677
qwen3.5-plus-Instant,single-landmark,self_atomic_instance_recognition,medium,549,0.22124832725788837,,,,,0.31529720539966405,0.3136038765074636
qwen3.5-plus-Instant,single-landmark,self_atomic_instance_recognition,hard,12,0.17857142857142858,,,,,0.5947712418300652,0.4750938504390631
qwen3.5-plus-Instant,single-landmark,self_atomic_instance_recognition,1,0,,,,,,,
qwen3.5-plus-Instant,single-landmark,self_atomic_instance_recognition,2-3,0,,,,,,,
qwen3.5-plus-Instant,single-landmark,self_atomic_instance_recognition,4-5,0,,,,,,,
qwen3.5-plus-Instant,single-landmark,self_atomic_instance_recognition,6+,0,,,,,,,
qwen3.5-plus-Instant,single-landmark,env_visibility_reasoning,easy,463,0.6997840172786177,0.9848812095032398,0.6194694430256155,0.544793010464776,,,
qwen3.5-plus-Instant,single-landmark,env_visibility_reasoning,medium,549,0.40255009107468126,0.7577413479052824,0.48178976764281023,0.4123812716284277,,,
qwen3.5-plus-Instant,single-landmark,env_visibility_reasoning,hard,12,0.0,0.0,0.021836688337599993,0.033261803125291346,,,
qwen3.5-plus-Instant,single-landmark,env_visibility_reasoning,1,0,,,,,,,
qwen3.5-plus-Instant,single-landmark,env_visibility_reasoning,2-3,0,,,,,,,
qwen3.5-plus-Instant,single-landmark,env_visibility_reasoning,4-5,0,,,,,,,
qwen3.5-plus-Instant,single-landmark,env_visibility_reasoning,6+,0,,,,,,,
qwen3.5-plus-Instant,multi-landmark,self_composite_instance_recognition,easy,0,,,,,,,
qwen3.5-plus-Instant,multi-landmark,self_composite_instance_recognition,medium,0,,,,,,,
qwen3.5-plus-Instant,multi-landmark,self_composite_instance_recognition,hard,0,,,,,,,
qwen3.5-plus-Instant,multi-landmark,self_composite_instance_recognition,1,0,,,,,,,
qwen3.5-plus-Instant,multi-landmark,self_composite_instance_recognition,2-3,0,,,,,,,
qwen3.5-plus-Instant,multi-landmark,self_composite_instance_recognition,4-5,0,,,,,,,
qwen3.5-plus-Instant,multi-landmark,self_composite_instance_recognition,6+,0,,,,,,,
qwen3.5-plus-Instant,multi-landmark,self_atomic_instance_recognition,easy,0,,,,,,,
qwen3.5-plus-Instant,multi-landmark,self_atomic_instance_recognition,medium,0,,,,,,,
qwen3.5-plus-Instant,multi-landmark,self_atomic_instance_recognition,hard,0,,,,,,,
qwen3.5-plus-Instant,multi-landmark,self_atomic_instance_recognition,1,0,,,,,,,
qwen3.5-plus-Instant,multi-landmark,self_atomic_instance_recognition,2-3,0,,,,,,,
qwen3.5-plus-Instant,multi-landmark,self_atomic_instance_recognition,4-5,0,,,,,,,
qwen3.5-plus-Instant,multi-landmark,self_atomic_instance_recognition,6+,0,,,,,,,
qwen3.5-plus-Instant,multi-landmark,env_visibility_reasoning,easy,0,,,,,,,
qwen3.5-plus-Instant,multi-landmark,env_visibility_reasoning,medium,0,,,,,,,
qwen3.5-plus-Instant,multi-landmark,env_visibility_reasoning,hard,0,,,,,,,
qwen3.5-plus-Instant,multi-landmark,env_visibility_reasoning,1,0,,,,,,,
qwen3.5-plus-Instant,multi-landmark,env_visibility_reasoning,2-3,0,,,,,,,
qwen3.5-plus-Instant,multi-landmark,env_visibility_reasoning,4-5,0,,,,,,,
qwen3.5-plus-Instant,multi-landmark,env_visibility_reasoning,6+,0,,,,,,,
qwen3.6-plus-Instant,single-landmark,self_composite_instance_recognition,easy,79,0.02531645569620253,,,,,0.11392405063291139,0.14844631594655766
qwen3.6-plus-Instant,single-landmark,self_composite_instance_recognition,medium,464,0.11206896551724138,,,,,0.17456896551724138,0.17229147180432033
qwen3.6-plus-Instant,single-landmark,self_composite_instance_recognition,hard,7,0.0,,,,,0.14285714285714285,0.16453488372093023
qwen3.6-plus-Instant,single-landmark,self_composite_instance_recognition,1,0,,,,,,,
qwen3.6-plus-Instant,single-landmark,self_composite_instance_recognition,2-3,0,,,,,,,
qwen3.6-plus-Instant,single-landmark,self_composite_instance_recognition,4-5,0,,,,,,,
qwen3.6-plus-Instant,single-landmark,self_composite_instance_recognition,6+,0,,,,,,,
qwen3.6-plus-Instant,single-landmark,self_atomic_instance_recognition,easy,463,0.3683211294315967,,,,,0.6676552529882268,0.6788612578302154
qwen3.6-plus-Instant,single-landmark,self_atomic_instance_recognition,medium,549,0.21384560030583102,,,,,0.2816496654601294,0.30119120611453776
qwen3.6-plus-Instant,single-landmark,self_atomic_instance_recognition,hard,12,0.17857142857142858,,,,,0.5347222222222223,0.37406433585579024
qwen3.6-plus-Instant,single-landmark,self_atomic_instance_recognition,1,0,,,,,,,
qwen3.6-plus-Instant,single-landmark,self_atomic_instance_recognition,2-3,0,,,,,,,
qwen3.6-plus-Instant,single-landmark,self_atomic_instance_recognition,4-5,0,,,,,,,
qwen3.6-plus-Instant,single-landmark,self_atomic_instance_recognition,6+,0,,,,,,,
qwen3.6-plus-Instant,single-landmark,env_visibility_reasoning,easy,463,0.8509719222462203,0.9524838012958964,0.6814100830729105,0.6208666758840682,,,
qwen3.6-plus-Instant,single-landmark,env_visibility_reasoning,medium,549,0.22950819672131148,0.726775956284153,0.3853113715759563,0.33573234513991485,,,
qwen3.6-plus-Instant,single-landmark,env_visibility_reasoning,hard,12,0.0,0.0,0.01515151515151515,0.0282076319236579,,,
qwen3.6-plus-Instant,single-landmark,env_visibility_reasoning,1,0,,,,,,,
qwen3.6-plus-Instant,single-landmark,env_visibility_reasoning,2-3,0,,,,,,,
qwen3.6-plus-Instant,single-landmark,env_visibility_reasoning,4-5,0,,,,,,,
qwen3.6-plus-Instant,single-landmark,env_visibility_reasoning,6+,0,,,,,,,
qwen3.6-plus-Instant,multi-landmark,self_composite_instance_recognition,easy,0,,,,,,,
qwen3.6-plus-Instant,multi-landmark,self_composite_instance_recognition,medium,0,,,,,,,
qwen3.6-plus-Instant,multi-landmark,self_composite_instance_recognition,hard,0,,,,,,,
qwen3.6-plus-Instant,multi-landmark,self_composite_instance_recognition,1,0,,,,,,,
qwen3.6-plus-Instant,multi-landmark,self_composite_instance_recognition,2-3,0,,,,,,,
qwen3.6-plus-Instant,multi-landmark,self_composite_instance_recognition,4-5,0,,,,,,,
qwen3.6-plus-Instant,multi-landmark,self_composite_instance_recognition,6+,0,,,,,,,
qwen3.6-plus-Instant,multi-landmark,self_atomic_instance_recognition,easy,0,,,,,,,
qwen3.6-plus-Instant,multi-landmark,self_atomic_instance_recognition,medium,0,,,,,,,
qwen3.6-plus-Instant,multi-landmark,self_atomic_instance_recognition,hard,0,,,,,,,
qwen3.6-plus-Instant,multi-landmark,self_atomic_instance_recognition,1,0,,,,,,,
qwen3.6-plus-Instant,multi-landmark,self_atomic_instance_recognition,2-3,0,,,,,,,
qwen3.6-plus-Instant,multi-landmark,self_atomic_instance_recognition,4-5,0,,,,,,,
qwen3.6-plus-Instant,multi-landmark,self_atomic_instance_recognition,6+,0,,,,,,,
qwen3.6-plus-Instant,multi-landmark,env_visibility_reasoning,easy,0,,,,,,,
qwen3.6-plus-Instant,multi-landmark,env_visibility_reasoning,medium,0,,,,,,,
qwen3.6-plus-Instant,multi-landmark,env_visibility_reasoning,hard,0,,,,,,,
qwen3.6-plus-Instant,multi-landmark,env_visibility_reasoning,1,0,,,,,,,
qwen3.6-plus-Instant,multi-landmark,env_visibility_reasoning,2-3,0,,,,,,,
qwen3.6-plus-Instant,multi-landmark,env_visibility_reasoning,4-5,0,,,,,,,
qwen3.6-plus-Instant,multi-landmark,env_visibility_reasoning,6+,0,,,,,,,
zai-org/GLM-4.6V-Instant,single-landmark,self_composite_instance_recognition,easy,0,,,,,,,
zai-org/GLM-4.6V-Instant,single-landmark,self_composite_instance_recognition,medium,4,0.0,,,,,,
zai-org/GLM-4.6V-Instant,single-landmark,self_composite_instance_recognition,hard,0,,,,,,,
zai-org/GLM-4.6V-Instant,single-landmark,self_composite_instance_recognition,1,0,,,,,,,
zai-org/GLM-4.6V-Instant,single-landmark,self_composite_instance_recognition,2-3,0,,,,,,,
zai-org/GLM-4.6V-Instant,single-landmark,self_composite_instance_recognition,4-5,0,,,,,,,
zai-org/GLM-4.6V-Instant,single-landmark,self_composite_instance_recognition,6+,0,,,,,,,
zai-org/GLM-4.6V-Instant,single-landmark,self_atomic_instance_recognition,easy,3,0.0,,,,,,
zai-org/GLM-4.6V-Instant,single-landmark,self_atomic_instance_recognition,medium,5,0.0,,,,,,
zai-org/GLM-4.6V-Instant,single-landmark,self_atomic_instance_recognition,hard,0,,,,,,,
zai-org/GLM-4.6V-Instant,single-landmark,self_atomic_instance_recognition,1,0,,,,,,,
zai-org/GLM-4.6V-Instant,single-landmark,self_atomic_instance_recognition,2-3,0,,,,,,,
zai-org/GLM-4.6V-Instant,single-landmark,self_atomic_instance_recognition,4-5,0,,,,,,,
zai-org/GLM-4.6V-Instant,single-landmark,self_atomic_instance_recognition,6+,0,,,,,,,
zai-org/GLM-4.6V-Instant,single-landmark,env_visibility_reasoning,easy,3,0.0,0.3333333333333333,0.0,0.08424908424908424,,,
zai-org/GLM-4.6V-Instant,single-landmark,env_visibility_reasoning,medium,5,0.0,0.0,0.0,0.0,,,
zai-org/GLM-4.6V-Instant,single-landmark,env_visibility_reasoning,hard,0,,,,,,,
zai-org/GLM-4.6V-Instant,single-landmark,env_visibility_reasoning,1,0,,,,,,,
zai-org/GLM-4.6V-Instant,single-landmark,env_visibility_reasoning,2-3,0,,,,,,,
zai-org/GLM-4.6V-Instant,single-landmark,env_visibility_reasoning,4-5,0,,,,,,,
zai-org/GLM-4.6V-Instant,single-landmark,env_visibility_reasoning,6+,0,,,,,,,
zai-org/GLM-4.6V-Instant,multi-landmark,self_composite_instance_recognition,easy,0,,,,,,,
zai-org/GLM-4.6V-Instant,multi-landmark,self_composite_instance_recognition,medium,0,,,,,,,
zai-org/GLM-4.6V-Instant,multi-landmark,self_composite_instance_recognition,hard,0,,,,,,,
zai-org/GLM-4.6V-Instant,multi-landmark,self_composite_instance_recognition,1,0,,,,,,,
zai-org/GLM-4.6V-Instant,multi-landmark,self_composite_instance_recognition,2-3,0,,,,,,,
zai-org/GLM-4.6V-Instant,multi-landmark,self_composite_instance_recognition,4-5,0,,,,,,,
zai-org/GLM-4.6V-Instant,multi-landmark,self_composite_instance_recognition,6+,0,,,,,,,
zai-org/GLM-4.6V-Instant,multi-landmark,self_atomic_instance_recognition,easy,0,,,,,,,
zai-org/GLM-4.6V-Instant,multi-landmark,self_atomic_instance_recognition,medium,0,,,,,,,
zai-org/GLM-4.6V-Instant,multi-landmark,self_atomic_instance_recognition,hard,0,,,,,,,
zai-org/GLM-4.6V-Instant,multi-landmark,self_atomic_instance_recognition,1,0,,,,,,,
zai-org/GLM-4.6V-Instant,multi-landmark,self_atomic_instance_recognition,2-3,0,,,,,,,
zai-org/GLM-4.6V-Instant,multi-landmark,self_atomic_instance_recognition,4-5,0,,,,,,,
zai-org/GLM-4.6V-Instant,multi-landmark,self_atomic_instance_recognition,6+,0,,,,,,,
zai-org/GLM-4.6V-Instant,multi-landmark,env_visibility_reasoning,easy,0,,,,,,,
zai-org/GLM-4.6V-Instant,multi-landmark,env_visibility_reasoning,medium,0,,,,,,,
zai-org/GLM-4.6V-Instant,multi-landmark,env_visibility_reasoning,hard,0,,,,,,,
zai-org/GLM-4.6V-Instant,multi-landmark,env_visibility_reasoning,1,0,,,,,,,
zai-org/GLM-4.6V-Instant,multi-landmark,env_visibility_reasoning,2-3,0,,,,,,,
zai-org/GLM-4.6V-Instant,multi-landmark,env_visibility_reasoning,4-5,0,,,,,,,
zai-org/GLM-4.6V-Instant,multi-landmark,env_visibility_reasoning,6+,0,,,,,,,
